{"type":"FeatureCollection","crs":{"type":"name","properties":{"name":"EPSG:4326"}},"features":[{"type":"Feature","id":42234,"geometry":{"type":"LineString","coordinates":[[-92.7500000002145,45.7999999999816],[-92.730000000357,45.7999999999816]]},"properties":{"st":"WI","stf":55,"Date_Calc":"Tue, 01 May 2001 04:00:00 GMT","yr":2001,"mo":5,"dy":1,"date":"2001-05-01","time":"17:15:00","tz":3,"mag":0,"wid":50,"len":1.5,"fat":0,"inj":0,"closs":0,"loss":0,"om":154,"stn":4,"fc":0,"slat":45.8,"slon":-92.75,"elat":45.8,"elon":-92.73,"OBJECTID":42234}},{"type":"Feature","id":42236,"geometry":null,"properties":{"st":"WI","stf":55,"Date_Calc":"Tue, 01 May 2001 04:00:00 GMT","yr":2001,"mo":5,"dy":1,"date":"2001-05-01","time":"17:58:00","tz":3,"mag":0,"wid":25,"len":0.1,"fat":0,"inj":0,"closs":0,"loss":0,"om":177,"stn":6,"fc":0,"slat":44.75,"slon":-92.47,"elat":44.75,"elon":-92.47,"OBJECTID":42236}},{"type":"Feature","id":42242,"geometry":{"type":"LineString","coordinates":[[-89.7000000003895,45.870000000096],[-89.6499999998475,45.8999999999757]]},"properties":{"st":"WI","stf":55,"Date_Calc":"Tue, 01 May 2001 04:00:00 GMT","yr":2001,"mo":5,"dy":1,"date":"2001-05-01","time":"20:55:00","tz":3,"mag":1,"wid":125,"len":1.5,"fat":0,"inj":0,"closs":0,"loss":0.01,"om":133,"stn":15,"fc":0,"slat":45.87,"slon":-89.7,"elat":45.9,"elon":-89.65,"OBJECTID":42242}},{"type":"Feature","id":42310,"geometry":{"type":"LineString","coordinates":[[-91.880000000126,44.5000000002448],[-91.8700000001973,44.5000000002448]]},"properties":{"st":"WI","stf":55,"Date_Calc":"Mon, 11 Jun 2001 04:00:00 GMT","yr":2001,"mo":6,"dy":11,"date":"2001-06-11","time":"17:11:00","tz":3,"mag":0,"wid":50,"len":1.5,"fat":0,"inj":0,"closs":0,"loss":0,"om":165,"stn":3,"fc":0,"slat":44.5,"slon":-91.88,"elat":44.5,"elon":-91.87,"OBJECTID":42310}},{"type":"Feature","id":42313,"geometry":null,"properties":{"st":"WI","stf":55,"Date_Calc":"Mon, 11 Jun 2001 04:00:00 GMT","yr":2001,"mo":6,"dy":11,"date":"2001-06-11","time":"20:00:00","tz":3,"mag":0,"wid":30,"len":0.2,"fat":0,"inj":0,"closs":0,"loss":0.1,"om":1015,"stn":11,"fc":0,"slat":43.72,"slon":-88.88,"elat":43.72,"elon":-88.88,"OBJECTID":42313}},{"type":"Feature","id":42314,"geometry":{"type":"LineString","coordinates":[[-88.8999999998022,43.6199999996841],[-88.8200000003723,43.570000000323]]},"properties":{"st":"WI","stf":55,"Date_Calc":"Mon, 11 Jun 2001 04:00:00 GMT","yr":2001,"mo":6,"dy":11,"date":"2001-06-11","time":"20:13:00","tz":3,"mag":1,"wid":75,"len":8,"fat":0,"inj":0,"closs":0,"loss":0.7,"om":1017,"stn":12,"fc":0,"slat":43.62,"slon":-88.9,"elat":43.57,"elon":-88.82,"OBJECTID":42314}},{"type":"Feature","id":42315,"geometry":{"type":"LineString","coordinates":[[-88.4700000001715,43.3500000002957],[-88.3699999999858,43.3000000001425]]},"properties":{"st":"WI","stf":55,"Date_Calc":"Mon, 11 Jun 2001 04:00:00 GMT","yr":2001,"mo":6,"dy":11,"date":"2001-06-11","time":"20:45:00","tz":3,"mag":1,"wid":75,"len":6.3,"fat":0,"inj":0,"closs":0,"loss":0.42,"om":1016,"stn":13,"fc":0,"slat":43.35,"slon":-88.47,"elat":43.3,"elon":-88.37,"OBJECTID":42315}},{"type":"Feature","id":42408,"geometry":{"type":"LineString","coordinates":[[-92.6500000000288,45.7799999999309],[-91.9700000003829,45.8300000002984]]},"properties":{"st":"WI","stf":55,"Date_Calc":"Mon, 18 Jun 2001 04:00:00 GMT","yr":2001,"mo":6,"dy":18,"date":"2001-06-18","time":"19:06:00","tz":3,"mag":3,"wid":880,"len":34,"fat":2,"inj":16,"closs":0,"loss":10,"om":350,"stn":8,"fc":0,"slat":45.78,"slon":-92.65,"elat":45.83,"elon":-91.97,"OBJECTID":42408}},{"type":"Feature","id":42678,"geometry":null,"properties":{"st":"WI","stf":55,"Date_Calc":"Sat, 18 Aug 2001 04:00:00 GMT","yr":2001,"mo":8,"dy":18,"date":"2001-08-18","time":"19:23:00","tz":3,"mag":0,"wid":30,"len":0.2,"fat":0,"inj":0,"closs":0,"loss":0,"om":366,"stn":9,"fc":0,"slat":44.55,"slon":-91.27,"elat":44.55,"elon":-91.27,"OBJECTID":42678}},{"type":"Feature","id":42693,"geometry":{"type":"LineString","coordinates":[[-87.9999999999275,42.6699999999457],[-87.9300000004263,42.7200000002502]]},"properties":{"st":"WI","stf":55,"Date_Calc":"Sat, 25 Aug 2001 04:00:00 GMT","yr":2001,"mo":8,"dy":25,"date":"2001-08-25","time":"16:40:00","tz":3,"mag":1,"wid":50,"len":4.5,"fat":0,"inj":0,"closs":0,"loss":0.04,"om":1101,"stn":1,"fc":0,"slat":42.67,"slon":-88,"elat":42.72,"elon":-87.93,"OBJECTID":42693}},{"type":"Feature","id":42784,"geometry":{"type":"LineString","coordinates":[[-89.1200000000311,45.499999999974],[-89.1000000001736,45.5199999999146]]},"properties":{"st":"WI","stf":55,"Date_Calc":"Thu, 06 Sep 2001 04:00:00 GMT","yr":2001,"mo":9,"dy":6,"date":"2001-09-06","time":"18:09:00","tz":3,"mag":0,"wid":30,"len":0.5,"fat":0,"inj":0,"closs":0,"loss":0.07,"om":427,"stn":7,"fc":0,"slat":45.5,"slon":-89.12,"elat":45.52,"elon":-89.1,"OBJECTID":42784}},{"type":"Feature","id":42790,"geometry":null,"properties":{"st":"WI","stf":55,"Date_Calc":"Fri, 07 Sep 2001 04:00:00 GMT","yr":2001,"mo":9,"dy":7,"date":"2001-09-07","time":"17:30:00","tz":3,"mag":0,"wid":30,"len":0.3,"fat":0,"inj":1,"closs":0,"loss":0.02,"om":371,"stn":5,"fc":0,"slat":44.05,"slon":-90.78,"elat":44.05,"elon":-90.78,"OBJECTID":42790}},{"type":"Feature","id":43133,"geometry":null,"properties":{"st":"WI","stf":55,"Date_Calc":"Thu, 18 Apr 2002 04:00:00 GMT","yr":2002,"mo":4,"dy":18,"date":"2002-04-18","time":"15:49:00","tz":3,"mag":0,"wid":25,"len":0.1,"fat":0,"inj":0,"closs":0,"loss":0,"om":587,"stn":2,"fc":0,"slat":45.53,"slon":-89.78,"elat":45.53,"elon":-89.78,"OBJECTID":43133}},{"type":"Feature","id":43134,"geometry":null,"properties":{"st":"WI","stf":55,"Date_Calc":"Thu, 18 Apr 2002 04:00:00 GMT","yr":2002,"mo":4,"dy":18,"date":"2002-04-18","time":"15:57:00","tz":3,"mag":0,"wid":25,"len":0.1,"fat":0,"inj":0,"closs":0,"loss":0,"om":588,"stn":3,"fc":0,"slat":45.53,"slon":-89.63,"elat":45.53,"elon":-89.63,"OBJECTID":43134}},{"type":"Feature","id":43135,"geometry":null,"properties":{"st":"WI","stf":55,"Date_Calc":"Thu, 18 Apr 2002 04:00:00 GMT","yr":2002,"mo":4,"dy":18,"date":"2002-04-18","time":"16:33:00","tz":3,"mag":0,"wid":25,"len":0.1,"fat":0,"inj":0,"closs":0,"loss":0,"om":589,"stn":4,"fc":0,"slat":45.63,"slon":-89.33,"elat":45.63,"elon":-89.33,"OBJECTID":43135}},{"type":"Feature","id":43137,"geometry":null,"properties":{"st":"WI","stf":55,"Date_Calc":"Thu, 18 Apr 2002 04:00:00 GMT","yr":2002,"mo":4,"dy":18,"date":"2002-04-18","time":"17:29:00","tz":3,"mag":0,"wid":40,"len":0.1,"fat":0,"inj":0,"closs":0,"loss":0,"om":104,"stn":1,"fc":0,"slat":45.55,"slon":-90.47,"elat":45.55,"elon":-90.47,"OBJECTID":43137}},{"type":"Feature","id":43143,"geometry":{"type":"LineString","coordinates":[[-90.0199999999058,44.9300000000103],[-89.7500000000332,44.8499999997989]]},"properties":{"st":"WI","stf":55,"Date_Calc":"Thu, 18 Apr 2002 04:00:00 GMT","yr":2002,"mo":4,"dy":18,"date":"2002-04-18","time":"18:13:00","tz":3,"mag":1,"wid":100,"len":14,"fat":0,"inj":0,"closs":0,"loss":1.4,"om":590,"stn":5,"fc":0,"slat":44.93,"slon":-90.02,"elat":44.85,"elon":-89.75,"OBJECTID":43143}},{"type":"Feature","id":43144,"geometry":null,"properties":{"st":"WI","stf":55,"Date_Calc":"Thu, 18 Apr 2002 04:00:00 GMT","yr":2002,"mo":4,"dy":18,"date":"2002-04-18","time":"18:32:00","tz":3,"mag":0,"wid":25,"len":0.1,"fat":0,"inj":0,"closs":0,"loss":0,"om":591,"stn":6,"fc":0,"slat":44.85,"slon":-89.68,"elat":44.85,"elon":-89.68,"OBJECTID":43144}},{"type":"Feature","id":43274,"geometry":null,"properties":{"st":"WI","stf":55,"Date_Calc":"Sun, 26 May 2002 04:00:00 GMT","yr":2002,"mo":5,"dy":26,"date":"2002-05-26","time":"14:55:00","tz":3,"mag":0,"wid":20,"len":0.1,"fat":0,"inj":0,"closs":0,"loss":0,"om":115,"stn":9,"fc":0,"slat":44.25,"slon":-91.52,"elat":44.25,"elon":-91.52,"OBJECTID":43274}},{"type":"Feature","id":43380,"geometry":{"type":"LineString","coordinates":[[-88.779999999759,44.1700000002733],[-88.7200000001866,44.1499999999208]]},"properties":{"st":"WI","stf":55,"Date_Calc":"Mon, 06 May 2002 04:00:00 GMT","yr":2002,"mo":5,"dy":6,"date":"2002-05-06","time":"16:30:00","tz":3,"mag":0,"wid":50,"len":4,"fat":0,"inj":0,"closs":0,"loss":0,"om":617,"stn":7,"fc":0,"slat":44.17,"slon":-88.78,"elat":44.15,"elon":-88.72,"OBJECTID":43380}},{"type":"Feature","id":43381,"geometry":null,"properties":{"st":"WI","stf":55,"Date_Calc":"Mon, 06 May 2002 04:00:00 GMT","yr":2002,"mo":5,"dy":6,"date":"2002-05-06","time":"17:02:00","tz":3,"mag":0,"wid":20,"len":0.1,"fat":0,"inj":0,"closs":0,"loss":0,"om":618,"stn":8,"fc":0,"slat":44.1,"slon":-88.55,"elat":44.1,"elon":-88.55,"OBJECTID":43381}},{"type":"Feature","id":43496,"geometry":null,"properties":{"st":"WI","stf":55,"Date_Calc":"Tue, 25 Jun 2002 04:00:00 GMT","yr":2002,"mo":6,"dy":25,"date":"2002-06-25","time":"21:15:00","tz":3,"mag":1,"wid":70,"len":0.3,"fat":0,"inj":2,"closs":0,"loss":0.1,"om":180,"stn":10,"fc":0,"slat":44.95,"slon":-90.32,"elat":44.95,"elon":-90.32,"OBJECTID":43496}},{"type":"Feature","id":43570,"geometry":{"type":"LineString","coordinates":[[-89.8300000003614,45.2800000002534],[-89.8200000004327,45.2800000002534]]},"properties":{"st":"WI","stf":55,"Date_Calc":"Tue, 30 Jul 2002 04:00:00 GMT","yr":2002,"mo":7,"dy":30,"date":"2002-07-30","time":"17:47:00","tz":3,"mag":0,"wid":150,"len":1.2,"fat":0,"inj":0,"closs":0,"loss":0,"om":789,"stn":11,"fc":0,"slat":45.28,"slon":-89.83,"elat":45.28,"elon":-89.82,"OBJECTID":43570}},{"type":"Feature","id":43571,"geometry":{"type":"LineString","coordinates":[[-89.6799999996337,45.2500000003057],[-89.5499999996618,45.2800000002534]]},"properties":{"st":"WI","stf":55,"Date_Calc":"Tue, 30 Jul 2002 04:00:00 GMT","yr":2002,"mo":7,"dy":30,"date":"2002-07-30","time":"18:08:00","tz":3,"mag":0,"wid":200,"len":9,"fat":0,"inj":0,"closs":0,"loss":0.1,"om":790,"stn":12,"fc":0,"slat":45.25,"slon":-89.68,"elat":45.28,"elon":-89.55,"OBJECTID":43571}},{"type":"Feature","id":43572,"geometry":{"type":"LineString","coordinates":[[-89.7300000001757,44.7799999997947],[-89.6799999996337,44.7799999997947]]},"properties":{"st":"WI","stf":55,"Date_Calc":"Tue, 30 Jul 2002 04:00:00 GMT","yr":2002,"mo":7,"dy":30,"date":"2002-07-30","time":"18:22:00","tz":3,"mag":0,"wid":100,"len":2.2,"fat":0,"inj":0,"closs":0,"loss":0,"om":791,"stn":13,"fc":0,"slat":44.78,"slon":-89.73,"elat":44.78,"elon":-89.68,"OBJECTID":43572}},{"type":"Feature","id":43573,"geometry":null,"properties":{"st":"WI","stf":55,"Date_Calc":"Tue, 30 Jul 2002 04:00:00 GMT","yr":2002,"mo":7,"dy":30,"date":"2002-07-30","time":"18:25:00","tz":3,"mag":0,"wid":25,"len":0.1,"fat":0,"inj":0,"closs":0,"loss":0.01,"om":792,"stn":14,"fc":0,"slat":45.27,"slon":-89.57,"elat":45.27,"elon":-89.57,"OBJECTID":43573}},{"type":"Feature","id":43606,"geometry":{"type":"LineString","coordinates":[[-88.8799999999447,42.9199999999081],[-88.779999999759,42.8799999998541]]},"properties":{"st":"WI","stf":55,"Date_Calc":"Tue, 13 Aug 2002 04:00:00 GMT","yr":2002,"mo":8,"dy":13,"date":"2002-08-13","time":"16:02:00","tz":3,"mag":0,"wid":50,"len":4.5,"fat":0,"inj":0,"closs":0,"loss":0.01,"om":249,"stn":15,"fc":0,"slat":42.92,"slon":-88.88,"elat":42.88,"elon":-88.78,"OBJECTID":43606}},{"type":"Feature","id":43613,"geometry":{"type":"LineString","coordinates":[[-88.5700000003572,43.7199999997436],[-88.5800000002859,43.7299999998184]]},"properties":{"st":"WI","stf":55,"Date_Calc":"Wed, 21 Aug 2002 04:00:00 GMT","yr":2002,"mo":8,"dy":21,"date":"2002-08-21","time":"17:41:00","tz":3,"mag":0,"wid":30,"len":0.6,"fat":0,"inj":0,"closs":0,"loss":0,"om":250,"stn":16,"fc":0,"slat":43.72,"slon":-88.57,"elat":43.73,"elon":-88.58,"OBJECTID":43613}},{"type":"Feature","id":43714,"geometry":{"type":"LineString","coordinates":[[-90.3500000002491,45.2699999998653],[-90.3300000003916,45.2699999998653]]},"properties":{"st":"WI","stf":55,"Date_Calc":"Mon, 30 Sep 2002 04:00:00 GMT","yr":2002,"mo":9,"dy":30,"date":"2002-09-30","time":"17:45:00","tz":3,"mag":0,"wid":100,"len":0.5,"fat":0,"inj":0,"closs":0,"loss":0.02,"om":825,"stn":23,"fc":0,"slat":45.27,"slon":-90.35,"elat":45.27,"elon":-90.33,"OBJECTID":43714}},{"type":"Feature","id":43715,"geometry":null,"properties":{"st":"WI","stf":55,"Date_Calc":"Mon, 30 Sep 2002 04:00:00 GMT","yr":2002,"mo":9,"dy":30,"date":"2002-09-30","time":"18:02:00","tz":3,"mag":0,"wid":50,"len":0.2,"fat":0,"inj":0,"closs":0,"loss":0,"om":826,"stn":24,"fc":0,"slat":44.63,"slon":-90.5,"elat":44.63,"elon":-90.5,"OBJECTID":43715}},{"type":"Feature","id":43716,"geometry":{"type":"LineString","coordinates":[[-88.0800000002557,45.8199999999653],[-88.0499999995712,45.8300000002984]]},"properties":{"st":"WI","stf":55,"Date_Calc":"Mon, 30 Sep 2002 04:00:00 GMT","yr":2002,"mo":9,"dy":30,"date":"2002-09-30","time":"18:10:00","tz":3,"mag":1,"wid":400,"len":5.2,"fat":0,"inj":0,"closs":0,"loss":7.05,"om":853,"stn":25,"fc":0,"slat":45.82,"slon":-88.08,"elat":45.83,"elon":-88.05,"OBJECTID":43716}},{"type":"Feature","id":43719,"geometry":{"type":"LineString","coordinates":[[-89.8999999998626,45.4700000000423],[-89.8300000003614,45.4700000000423]]},"properties":{"st":"WI","stf":55,"Date_Calc":"Mon, 30 Sep 2002 04:00:00 GMT","yr":2002,"mo":9,"dy":30,"date":"2002-09-30","time":"18:30:00","tz":3,"mag":2,"wid":250,"len":3,"fat":0,"inj":0,"closs":0,"loss":0.07,"om":854,"stn":27,"fc":0,"slat":45.47,"slon":-89.9,"elat":45.47,"elon":-89.83,"OBJECTID":43719}},{"type":"Feature","id":43720,"geometry":{"type":"LineString","coordinates":[[-91.1300000000807,45.4700000000423],[-90.8199999995948,45.4700000000423]]},"properties":{"st":"WI","stf":55,"Date_Calc":"Mon, 02 Sep 2002 04:00:00 GMT","yr":2002,"mo":9,"dy":2,"date":"2002-09-02","time":"15:22:00","tz":3,"mag":3,"wid":440,"len":16,"fat":0,"inj":27,"closs":0,"loss":25,"om":302,"stn":18,"fc":0,"slat":45.47,"slon":-91.13,"elat":45.47,"elon":-90.82,"OBJECTID":43720}},{"type":"Feature","id":43721,"geometry":{"type":"LineString","coordinates":[[-90.8199999995948,45.1799999997363],[-90.5000000000785,45.129999999922]]},"properties":{"st":"WI","stf":55,"Date_Calc":"Mon, 02 Sep 2002 04:00:00 GMT","yr":2002,"mo":9,"dy":2,"date":"2002-09-02","time":"16:10:00","tz":3,"mag":2,"wid":75,"len":17,"fat":0,"inj":0,"closs":0,"loss":3.9,"om":273,"stn":17,"fc":0,"slat":45.18,"slon":-90.82,"elat":45.13,"elon":-90.5,"OBJECTID":43721}},{"type":"Feature","id":43722,"geometry":null,"properties":{"st":"WI","stf":55,"Date_Calc":"Mon, 02 Sep 2002 04:00:00 GMT","yr":2002,"mo":9,"dy":2,"date":"2002-09-02","time":"17:04:00","tz":3,"mag":0,"wid":75,"len":0.2,"fat":0,"inj":0,"closs":0,"loss":0,"om":851,"stn":19,"fc":0,"slat":45.03,"slon":-90.18,"elat":45.03,"elon":-90.18,"OBJECTID":43722}},{"type":"Feature","id":43723,"geometry":{"type":"LineString","coordinates":[[-89.720000000247,45.0300000000157],[-89.5800000003463,45.0000000000504]]},"properties":{"st":"WI","stf":55,"Date_Calc":"Mon, 02 Sep 2002 04:00:00 GMT","yr":2002,"mo":9,"dy":2,"date":"2002-09-02","time":"17:35:00","tz":3,"mag":1,"wid":200,"len":5,"fat":0,"inj":1,"closs":0,"loss":1.3,"om":852,"stn":20,"fc":0,"slat":45.03,"slon":-89.72,"elat":45,"elon":-89.58,"OBJECTID":43723}},{"type":"Feature","id":43724,"geometry":null,"properties":{"st":"WI","stf":55,"Date_Calc":"Mon, 02 Sep 2002 04:00:00 GMT","yr":2002,"mo":9,"dy":2,"date":"2002-09-02","time":"20:06:00","tz":3,"mag":0,"wid":30,"len":0.1,"fat":0,"inj":0,"closs":0,"loss":0,"om":855,"stn":21,"fc":0,"slat":43.75,"slon":-88.77,"elat":43.75,"elon":-88.77,"OBJECTID":43724}},{"type":"Feature","id":43725,"geometry":null,"properties":{"st":"WI","stf":55,"Date_Calc":"Mon, 02 Sep 2002 04:00:00 GMT","yr":2002,"mo":9,"dy":2,"date":"2002-09-02","time":"20:30:00","tz":3,"mag":1,"wid":75,"len":0.3,"fat":0,"inj":0,"closs":0,"loss":0.75,"om":856,"stn":22,"fc":0,"slat":43.72,"slon":-88.37,"elat":43.72,"elon":-88.37,"OBJECTID":43725}},{"type":"Feature","id":44070,"geometry":{"type":"LineString","coordinates":[[-90.3999999998928,42.6799999998576],[-90.2999999997071,42.7700000000429]]},"properties":{"st":"WI","stf":55,"Date_Calc":"Sat, 10 May 2003 04:00:00 GMT","yr":2003,"mo":5,"dy":10,"date":"2003-05-10","time":"19:15:00","tz":3,"mag":1,"wid":200,"len":7.8,"fat":0,"inj":1,"closs":0,"loss":0.2,"om":917,"stn":1,"fc":0,"slat":42.68,"slon":-90.4,"elat":42.77,"elon":-90.3,"OBJECTID":44070}},{"type":"Feature","id":44073,"geometry":{"type":"LineString","coordinates":[[-90.100000000234,42.8500000001229],[-89.9500000004046,42.9000000000509]]},"properties":{"st":"WI","stf":55,"Date_Calc":"Sat, 10 May 2003 04:00:00 GMT","yr":2003,"mo":5,"dy":10,"date":"2003-05-10","time":"19:39:00","tz":3,"mag":1,"wid":200,"len":8.6,"fat":0,"inj":0,"closs":0,"loss":0.3,"om":916,"stn":2,"fc":0,"slat":42.85,"slon":-90.1,"elat":42.9,"elon":-89.95,"OBJECTID":44073}},{"type":"Feature","id":44240,"geometry":{"type":"LineString","coordinates":[[-89.3300000003312,42.9800000000001],[-89.5800000003463,42.9700000003054]]},"properties":{"st":"WI","stf":55,"Date_Calc":"Fri, 30 May 2003 04:00:00 GMT","yr":2003,"mo":5,"dy":30,"date":"2003-05-30","time":"16:25:00","tz":3,"mag":0,"wid":25,"len":3.1,"fat":0,"inj":0,"closs":0,"loss":0,"om":918,"stn":3,"fc":0,"slat":42.98,"slon":-89.33,"elat":42.97,"elon":-89.58,"OBJECTID":44240}},{"type":"Feature","id":44241,"geometry":{"type":"LineString","coordinates":[[-89.5000000000181,42.5499999999321],[-89.2799999997892,42.520000000055]]},"properties":{"st":"WI","stf":55,"Date_Calc":"Fri, 30 May 2003 04:00:00 GMT","yr":2003,"mo":5,"dy":30,"date":"2003-05-30","time":"16:52:00","tz":3,"mag":1,"wid":100,"len":10.1,"fat":0,"inj":0,"closs":0,"loss":0,"om":919,"stn":4,"fc":0,"slat":42.55,"slon":-89.5,"elat":42.52,"elon":-89.28,"OBJECTID":44241}},{"type":"Feature","id":44840,"geometry":null,"properties":{"st":"WI","stf":55,"Date_Calc":"Sun, 08 Jun 2003 04:00:00 GMT","yr":2003,"mo":6,"dy":8,"date":"2003-06-08","time":"11:40:00","tz":3,"mag":0,"wid":15,"len":0.1,"fat":0,"inj":0,"closs":0,"loss":0,"om":1239,"stn":5,"fc":0,"slat":43.98,"slon":-88.63,"elat":43.98,"elon":-88.63,"OBJECTID":44840}},{"type":"Feature","id":44841,"geometry":{"type":"LineString","coordinates":[[-88.450000000314,43.9799999997786],[-88.450000000314,43.9500000000742]]},"properties":{"st":"WI","stf":55,"Date_Calc":"Sun, 08 Jun 2003 04:00:00 GMT","yr":2003,"mo":6,"dy":8,"date":"2003-06-08","time":"12:20:00","tz":3,"mag":0,"wid":40,"len":0.5,"fat":0,"inj":0,"closs":0,"loss":0,"om":1240,"stn":6,"fc":0,"slat":43.98,"slon":-88.45,"elat":43.95,"elon":-88.45,"OBJECTID":44841}},{"type":"Feature","id":44842,"geometry":{"type":"LineString","coordinates":[[-88.3799999999145,43.9699999997268],[-88.3799999999145,43.9500000000742]]},"properties":{"st":"WI","stf":55,"Date_Calc":"Sun, 08 Jun 2003 04:00:00 GMT","yr":2003,"mo":6,"dy":8,"date":"2003-06-08","time":"12:42:00","tz":3,"mag":0,"wid":40,"len":0.4,"fat":0,"inj":0,"closs":0,"loss":0,"om":1241,"stn":7,"fc":0,"slat":43.97,"slon":-88.38,"elat":43.95,"elon":-88.38,"OBJECTID":44842}},{"type":"Feature","id":44843,"geometry":{"type":"LineString","coordinates":[[-90.1799999996639,44.5800000001502],[-90.1799999996639,44.5699999997338]]},"properties":{"st":"WI","stf":55,"Date_Calc":"Sun, 08 Jun 2003 04:00:00 GMT","yr":2003,"mo":6,"dy":8,"date":"2003-06-08","time":"12:59:00","tz":3,"mag":0,"wid":50,"len":0.1,"fat":0,"inj":0,"closs":0,"loss":0.01,"om":1238,"stn":8,"fc":0,"slat":44.58,"slon":-90.18,"elat":44.57,"elon":-90.18,"OBJECTID":44843}},{"type":"Feature","id":44844,"geometry":{"type":"LineString","coordinates":[[-88.399999999772,43.7699999999134],[-88.3799999999145,43.7699999999134]]},"properties":{"st":"WI","stf":55,"Date_Calc":"Sun, 08 Jun 2003 04:00:00 GMT","yr":2003,"mo":6,"dy":8,"date":"2003-06-08","time":"13:33:00","tz":3,"mag":0,"wid":1,"len":30,"fat":0,"inj":0,"closs":0,"loss":0,"om":385,"stn":9,"fc":0,"slat":43.77,"slon":-88.4,"elat":43.77,"elon":-88.38,"OBJECTID":44844}},{"type":"Feature","id":44998,"geometry":null,"properties":{"st":"WI","stf":55,"Date_Calc":"Sun, 06 Jul 2003 04:00:00 GMT","yr":2003,"mo":7,"dy":6,"date":"2003-07-06","time":"16:05:00","tz":3,"mag":0,"wid":25,"len":0.1,"fat":0,"inj":0,"closs":0,"loss":0,"om":1344,"stn":10,"fc":0,"slat":43.47,"slon":-88.65,"elat":43.47,"elon":-88.65,"OBJECTID":44998}},{"type":"Feature","id":44999,"geometry":null,"properties":{"st":"WI","stf":55,"Date_Calc":"Sun, 06 Jul 2003 04:00:00 GMT","yr":2003,"mo":7,"dy":6,"date":"2003-07-06","time":"16:15:00","tz":3,"mag":0,"wid":25,"len":0.1,"fat":0,"inj":0,"closs":0,"loss":0,"om":1345,"stn":11,"fc":0,"slat":43.53,"slon":-88.58,"elat":43.53,"elon":-88.58,"OBJECTID":44999}},{"type":"Feature","id":45001,"geometry":{"type":"LineString","coordinates":[[-88.3200000003421,43.5500000002463],[-88.2799999997288,43.5299999999656]]},"properties":{"st":"WI","stf":55,"Date_Calc":"Sun, 06 Jul 2003 04:00:00 GMT","yr":2003,"mo":7,"dy":6,"date":"2003-07-06","time":"16:43:00","tz":3,"mag":1,"wid":40,"len":0.8,"fat":0,"inj":0,"closs":0,"loss":0.02,"om":1347,"stn":12,"fc":0,"slat":43.55,"slon":-88.32,"elat":43.53,"elon":-88.28,"OBJECTID":45001}},{"type":"Feature","id":45002,"geometry":null,"properties":{"st":"WI","stf":55,"Date_Calc":"Sun, 06 Jul 2003 04:00:00 GMT","yr":2003,"mo":7,"dy":6,"date":"2003-07-06","time":"16:47:00","tz":3,"mag":0,"wid":25,"len":0.1,"fat":0,"inj":0,"closs":0,"loss":0,"om":1346,"stn":13,"fc":0,"slat":43.5,"slon":-88.42,"elat":43.5,"elon":-88.42,"OBJECTID":45002}},{"type":"Feature","id":45069,"geometry":null,"properties":{"st":"WI","stf":55,"Date_Calc":"Sun, 03 Aug 2003 04:00:00 GMT","yr":2003,"mo":8,"dy":3,"date":"2003-08-03","time":"13:59:00","tz":3,"mag":1,"wid":75,"len":0.4,"fat":0,"inj":0,"closs":0,"loss":0,"om":623,"stn":14,"fc":0,"slat":44.12,"slon":-88.1,"elat":44.12,"elon":-88.1,"OBJECTID":45069}},{"type":"Feature","id":45444,"geometry":{"type":"LineString","coordinates":[[-92.7500000002145,45.6499999997883],[-92.7200000004283,45.6499999997883]]},"properties":{"st":"WI","stf":55,"Date_Calc":"Sun, 18 Apr 2004 04:00:00 GMT","yr":2004,"mo":4,"dy":18,"date":"2004-04-18","time":"16:25:00","tz":3,"mag":0,"wid":30,"len":1,"fat":0,"inj":0,"closs":0,"loss":0,"om":867,"stn":1,"fc":0,"slat":45.65,"slon":-92.75,"elat":45.65,"elon":-92.72,"OBJECTID":45444}},{"type":"Feature","id":45445,"geometry":{"type":"LineString","coordinates":[[-92.6000000003851,45.6800000001701],[-92.5299999999856,45.6800000001701]]},"properties":{"st":"WI","stf":55,"Date_Calc":"Sun, 18 Apr 2004 04:00:00 GMT","yr":2004,"mo":4,"dy":18,"date":"2004-04-18","time":"16:30:00","tz":3,"mag":0,"wid":30,"len":3,"fat":0,"inj":0,"closs":0,"loss":0,"om":868,"stn":2,"fc":0,"slat":45.68,"slon":-92.6,"elat":45.68,"elon":-92.53,"OBJECTID":45445}},{"type":"Feature","id":45737,"geometry":null,"properties":{"st":"WI","stf":55,"Date_Calc":"Sun, 23 May 2004 04:00:00 GMT","yr":2004,"mo":5,"dy":23,"date":"2004-05-23","time":"05:47:00","tz":3,"mag":0,"wid":75,"len":0.1,"fat":0,"inj":0,"closs":0,"loss":0,"om":172,"stn":3,"fc":0,"slat":44.15,"slon":-87.92,"elat":44.15,"elon":-87.92,"OBJECTID":45737}},{"type":"Feature","id":45741,"geometry":{"type":"LineString","coordinates":[[-89.1499999998173,42.9000000000509],[-89.1299999999598,42.9000000000509]]},"properties":{"st":"WI","stf":55,"Date_Calc":"Sun, 23 May 2004 04:00:00 GMT","yr":2004,"mo":5,"dy":23,"date":"2004-05-23","time":"17:55:00","tz":3,"mag":0,"wid":25,"len":1,"fat":0,"inj":0,"closs":0,"loss":0,"om":1253,"stn":4,"fc":0,"slat":42.9,"slon":-89.15,"elat":42.9,"elon":-89.13,"OBJECTID":45741}},{"type":"Feature","id":45742,"geometry":{"type":"LineString","coordinates":[[-89.3200000004025,43.230000000155],[-89.2999999996467,43.2500000002573]]},"properties":{"st":"WI","stf":55,"Date_Calc":"Sun, 23 May 2004 04:00:00 GMT","yr":2004,"mo":5,"dy":23,"date":"2004-05-23","time":"17:59:00","tz":3,"mag":0,"wid":25,"len":1.3,"fat":0,"inj":0,"closs":0,"loss":0,"om":1252,"stn":5,"fc":0,"slat":43.23,"slon":-89.32,"elat":43.25,"elon":-89.3,"OBJECTID":45742}},{"type":"Feature","id":45743,"geometry":null,"properties":{"st":"WI","stf":55,"Date_Calc":"Sun, 23 May 2004 04:00:00 GMT","yr":2004,"mo":5,"dy":23,"date":"2004-05-23","time":"18:25:00","tz":3,"mag":0,"wid":25,"len":0.1,"fat":0,"inj":0,"closs":0,"loss":0,"om":1254,"stn":6,"fc":0,"slat":43.37,"slon":-89.08,"elat":43.37,"elon":-89.08,"OBJECTID":45743}},{"type":"Feature","id":46223,"geometry":{"type":"LineString","coordinates":[[-91.1200000001519,44.3300000000657],[-91.029999999895,44.3200000001404]]},"properties":{"st":"WI","stf":55,"Date_Calc":"Wed, 23 Jun 2004 04:00:00 GMT","yr":2004,"mo":6,"dy":23,"date":"2004-06-23","time":"17:22:00","tz":3,"mag":1,"wid":50,"len":5,"fat":0,"inj":0,"closs":0,"loss":0.07,"om":1347,"stn":7,"fc":0,"slat":44.33,"slon":-91.12,"elat":44.32,"elon":-91.03,"OBJECTID":46223}},{"type":"Feature","id":46224,"geometry":{"type":"LineString","coordinates":[[-91.029999999895,44.3200000001404],[-90.9499999995667,44.3200000001404]]},"properties":{"st":"WI","stf":55,"Date_Calc":"Wed, 23 Jun 2004 04:00:00 GMT","yr":2004,"mo":6,"dy":23,"date":"2004-06-23","time":"17:28:00","tz":3,"mag":1,"wid":30,"len":4,"fat":0,"inj":0,"closs":0,"loss":0.01,"om":1348,"stn":8,"fc":0,"slat":44.32,"slon":-91.03,"elat":44.32,"elon":-90.95,"OBJECTID":46224}},{"type":"Feature","id":46225,"geometry":{"type":"LineString","coordinates":[[-90.5299999998647,44.1700000002733],[-90.4500000004348,44.1000000000058]]},"properties":{"st":"WI","stf":55,"Date_Calc":"Wed, 23 Jun 2004 04:00:00 GMT","yr":2004,"mo":6,"dy":23,"date":"2004-06-23","time":"18:00:00","tz":3,"mag":1,"wid":50,"len":4.5,"fat":0,"inj":3,"closs":0,"loss":0.07,"om":1350,"stn":9,"fc":0,"slat":44.17,"slon":-90.53,"elat":44.1,"elon":-90.45,"OBJECTID":46225}},{"type":"Feature","id":46226,"geometry":{"type":"LineString","coordinates":[[-89.9800000001908,43.8799999997727],[-89.6499999998475,43.6799999997803]]},"properties":{"st":"WI","stf":55,"Date_Calc":"Wed, 23 Jun 2004 04:00:00 GMT","yr":2004,"mo":6,"dy":23,"date":"2004-06-23","time":"18:20:00","tz":3,"mag":1,"wid":50,"len":18,"fat":0,"inj":13,"closs":0,"loss":0.11,"om":1349,"stn":10,"fc":0,"slat":43.88,"slon":-89.98,"elat":43.68,"elon":-89.65,"OBJECTID":46226}},{"type":"Feature","id":46228,"geometry":{"type":"LineString","coordinates":[[-89.4199999996899,44.3000000000445],[-89.3799999999749,44.3000000000445]]},"properties":{"st":"WI","stf":55,"Date_Calc":"Wed, 23 Jun 2004 04:00:00 GMT","yr":2004,"mo":6,"dy":23,"date":"2004-06-23","time":"18:46:00","tz":3,"mag":1,"wid":25,"len":1.5,"fat":0,"inj":0,"closs":0,"loss":0,"om":1373,"stn":11,"fc":0,"slat":44.3,"slon":-89.42,"elat":44.3,"elon":-89.38,"OBJECTID":46228}},{"type":"Feature","id":46229,"geometry":null,"properties":{"st":"WI","stf":55,"Date_Calc":"Wed, 23 Jun 2004 04:00:00 GMT","yr":2004,"mo":6,"dy":23,"date":"2004-06-23","time":"18:47:00","tz":3,"mag":0,"wid":10,"len":0.1,"fat":0,"inj":0,"closs":0,"loss":0,"om":1372,"stn":12,"fc":0,"slat":44.48,"slon":-89.55,"elat":44.48,"elon":-89.55,"OBJECTID":46229}},{"type":"Feature","id":46230,"geometry":{"type":"LineString","coordinates":[[-89.250000000003,44.280000000165],[-89.0499999996316,44.2699999997043]]},"properties":{"st":"WI","stf":55,"Date_Calc":"Wed, 23 Jun 2004 04:00:00 GMT","yr":2004,"mo":6,"dy":23,"date":"2004-06-23","time":"18:53:00","tz":3,"mag":2,"wid":125,"len":10,"fat":0,"inj":0,"closs":0,"loss":1.11,"om":1374,"stn":13,"fc":0,"slat":44.28,"slon":-89.25,"elat":44.27,"elon":-89.05,"OBJECTID":46230}},{"type":"Feature","id":46231,"geometry":{"type":"LineString","coordinates":[[-89.4800000001606,43.8199999997042],[-89.2699999998605,43.7699999999134]]},"properties":{"st":"WI","stf":55,"Date_Calc":"Wed, 23 Jun 2004 04:00:00 GMT","yr":2004,"mo":6,"dy":23,"date":"2004-06-23","time":"19:00:00","tz":3,"mag":2,"wid":200,"len":11,"fat":0,"inj":0,"closs":0,"loss":1,"om":1298,"stn":14,"fc":0,"slat":43.82,"slon":-89.48,"elat":43.77,"elon":-89.27,"OBJECTID":46231}},{"type":"Feature","id":46233,"geometry":null,"properties":{"st":"WI","stf":55,"Date_Calc":"Wed, 23 Jun 2004 04:00:00 GMT","yr":2004,"mo":6,"dy":23,"date":"2004-06-23","time":"19:23:00","tz":3,"mag":0,"wid":25,"len":0.1,"fat":0,"inj":0,"closs":0,"loss":0.003,"om":1305,"stn":15,"fc":0,"slat":43.2,"slon":-89.37,"elat":43.2,"elon":-89.37,"OBJECTID":46233}},{"type":"Feature","id":46235,"geometry":{"type":"LineString","coordinates":[[-89.0299999997741,43.7199999997436],[-88.4199999996295,43.5500000002463]]},"properties":{"st":"WI","stf":55,"Date_Calc":"Wed, 23 Jun 2004 04:00:00 GMT","yr":2004,"mo":6,"dy":23,"date":"2004-06-23","time":"19:33:00","tz":3,"mag":3,"wid":400,"len":33.3,"fat":0,"inj":0,"closs":0,"loss":15.41,"om":1300,"stn":16,"fc":0,"slat":43.72,"slon":-89.03,"elat":43.55,"elon":-88.42,"OBJECTID":46235}},{"type":"Feature","id":46236,"geometry":{"type":"LineString","coordinates":[[-89.5299999998043,43.0699999996973],[-89.4199999996899,43.0300000000026]]},"properties":{"st":"WI","stf":55,"Date_Calc":"Wed, 23 Jun 2004 04:00:00 GMT","yr":2004,"mo":6,"dy":23,"date":"2004-06-23","time":"19:35:00","tz":3,"mag":1,"wid":200,"len":7.8,"fat":0,"inj":0,"closs":0,"loss":1.49,"om":1299,"stn":17,"fc":0,"slat":43.07,"slon":-89.53,"elat":43.03,"elon":-89.42,"OBJECTID":46236}},{"type":"Feature","id":46237,"geometry":{"type":"LineString","coordinates":[[-88.9500000003442,43.669999999957],[-88.7999999996165,43.6500000002315]]},"properties":{"st":"WI","stf":55,"Date_Calc":"Wed, 23 Jun 2004 04:00:00 GMT","yr":2004,"mo":6,"dy":23,"date":"2004-06-23","time":"19:35:00","tz":3,"mag":3,"wid":300,"len":7.6,"fat":1,"inj":1,"closs":0,"loss":2.29,"om":1301,"stn":18,"fc":0,"slat":43.67,"slon":-88.95,"elat":43.65,"elon":-88.8,"OBJECTID":46237}},{"type":"Feature","id":46238,"geometry":{"type":"LineString","coordinates":[[-88.2699999998,44.280000000165],[-88.2699999998,44.2699999997043]]},"properties":{"st":"WI","stf":55,"Date_Calc":"Wed, 23 Jun 2004 04:00:00 GMT","yr":2004,"mo":6,"dy":23,"date":"2004-06-23","time":"20:00:00","tz":3,"mag":1,"wid":100,"len":3.5,"fat":0,"inj":0,"closs":0,"loss":6.8,"om":1375,"stn":19,"fc":0,"slat":44.28,"slon":-88.27,"elat":44.27,"elon":-88.27,"OBJECTID":46238}},{"type":"Feature","id":46239,"geometry":{"type":"LineString","coordinates":[[-88.3699999999858,43.5299999999656],[-88.2300000000851,43.5299999999656]]},"properties":{"st":"WI","stf":55,"Date_Calc":"Wed, 23 Jun 2004 04:00:00 GMT","yr":2004,"mo":6,"dy":23,"date":"2004-06-23","time":"20:10:00","tz":3,"mag":1,"wid":150,"len":7.6,"fat":0,"inj":0,"closs":0,"loss":0.11,"om":1302,"stn":20,"fc":0,"slat":43.53,"slon":-88.37,"elat":43.53,"elon":-88.23,"OBJECTID":46239}},{"type":"Feature","id":46240,"geometry":null,"properties":{"st":"WI","stf":55,"Date_Calc":"Wed, 23 Jun 2004 04:00:00 GMT","yr":2004,"mo":6,"dy":23,"date":"2004-06-23","time":"20:19:00","tz":3,"mag":0,"wid":25,"len":0.1,"fat":0,"inj":0,"closs":0,"loss":0,"om":1303,"stn":21,"fc":0,"slat":43.37,"slon":-88.13,"elat":43.37,"elon":-88.13,"OBJECTID":46240}},{"type":"Feature","id":46241,"geometry":{"type":"LineString","coordinates":[[-88.7499999999728,42.8700000002237],[-88.6200000000009,42.8299999998196]]},"properties":{"st":"WI","stf":55,"Date_Calc":"Wed, 23 Jun 2004 04:00:00 GMT","yr":2004,"mo":6,"dy":23,"date":"2004-06-23","time":"20:23:00","tz":3,"mag":1,"wid":150,"len":7.8,"fat":0,"inj":0,"closs":0,"loss":0.15,"om":1304,"stn":22,"fc":0,"slat":42.87,"slon":-88.75,"elat":42.83,"elon":-88.62,"OBJECTID":46241}},{"type":"Feature","id":46242,"geometry":null,"properties":{"st":"WI","stf":55,"Date_Calc":"Wed, 23 Jun 2004 04:00:00 GMT","yr":2004,"mo":6,"dy":23,"date":"2004-06-23","time":"20:27:00","tz":3,"mag":0,"wid":10,"len":0.1,"fat":0,"inj":0,"closs":0,"loss":0,"om":1376,"stn":23,"fc":0,"slat":44.52,"slon":-88.02,"elat":44.52,"elon":-88.02,"OBJECTID":46242}},{"type":"Feature","id":46336,"geometry":null,"properties":{"st":"WI","stf":55,"Date_Calc":"Sun, 11 Jul 2004 04:00:00 GMT","yr":2004,"mo":7,"dy":11,"date":"2004-07-11","time":"14:42:00","tz":3,"mag":0,"wid":60,"len":0.2,"fat":0,"inj":0,"closs":0,"loss":0,"om":1506,"stn":25,"fc":0,"slat":45.58,"slon":-89.77,"elat":45.58,"elon":-89.77,"OBJECTID":46336}},{"type":"Feature","id":46337,"geometry":null,"properties":{"st":"WI","stf":55,"Date_Calc":"Sun, 11 Jul 2004 04:00:00 GMT","yr":2004,"mo":7,"dy":11,"date":"2004-07-11","time":"15:43:00","tz":3,"mag":0,"wid":10,"len":0.1,"fat":0,"inj":0,"closs":0,"loss":0,"om":1507,"stn":26,"fc":0,"slat":45.7,"slon":-89.65,"elat":45.7,"elon":-89.65,"OBJECTID":46337}},{"type":"Feature","id":46339,"geometry":null,"properties":{"st":"WI","stf":55,"Date_Calc":"Sun, 11 Jul 2004 04:00:00 GMT","yr":2004,"mo":7,"dy":11,"date":"2004-07-11","time":"15:45:00","tz":3,"mag":0,"wid":10,"len":0.1,"fat":0,"inj":0,"closs":0,"loss":0,"om":1508,"stn":27,"fc":0,"slat":45.35,"slon":-89.67,"elat":45.35,"elon":-89.67,"OBJECTID":46339}},{"type":"Feature","id":46340,"geometry":null,"properties":{"st":"WI","stf":55,"Date_Calc":"Sun, 11 Jul 2004 04:00:00 GMT","yr":2004,"mo":7,"dy":11,"date":"2004-07-11","time":"16:13:00","tz":3,"mag":0,"wid":10,"len":0.1,"fat":0,"inj":0,"closs":0,"loss":0,"om":1509,"stn":28,"fc":0,"slat":45.47,"slon":-89.85,"elat":45.47,"elon":-89.85,"OBJECTID":46340}},{"type":"Feature","id":46341,"geometry":null,"properties":{"st":"WI","stf":55,"Date_Calc":"Sun, 11 Jul 2004 04:00:00 GMT","yr":2004,"mo":7,"dy":11,"date":"2004-07-11","time":"16:13:00","tz":3,"mag":0,"wid":10,"len":0.1,"fat":0,"inj":0,"closs":0,"loss":0,"om":1510,"stn":29,"fc":0,"slat":45.47,"slon":-89.85,"elat":45.47,"elon":-89.85,"OBJECTID":46341}},{"type":"Feature","id":46342,"geometry":null,"properties":{"st":"WI","stf":55,"Date_Calc":"Sun, 11 Jul 2004 04:00:00 GMT","yr":2004,"mo":7,"dy":11,"date":"2004-07-11","time":"16:40:00","tz":3,"mag":0,"wid":10,"len":0.1,"fat":0,"inj":0,"closs":0,"loss":0,"om":1511,"stn":30,"fc":0,"slat":45.47,"slon":-89.82,"elat":45.47,"elon":-89.82,"OBJECTID":46342}},{"type":"Feature","id":46343,"geometry":null,"properties":{"st":"WI","stf":55,"Date_Calc":"Sun, 11 Jul 2004 04:00:00 GMT","yr":2004,"mo":7,"dy":11,"date":"2004-07-11","time":"18:41:00","tz":3,"mag":0,"wid":25,"len":0.1,"fat":0,"inj":0,"closs":0,"loss":0,"om":1414,"stn":31,"fc":0,"slat":43.15,"slon":-88.75,"elat":43.15,"elon":-88.75,"OBJECTID":46343}},{"type":"Feature","id":46344,"geometry":null,"properties":{"st":"WI","stf":55,"Date_Calc":"Sun, 11 Jul 2004 04:00:00 GMT","yr":2004,"mo":7,"dy":11,"date":"2004-07-11","time":"18:43:00","tz":3,"mag":0,"wid":25,"len":0.1,"fat":0,"inj":0,"closs":0,"loss":0,"om":1413,"stn":32,"fc":0,"slat":43.25,"slon":-89.17,"elat":43.25,"elon":-89.17,"OBJECTID":46344}},{"type":"Feature","id":46363,"geometry":{"type":"LineString","coordinates":[[-87.8799999998843,44.1000000000058],[-87.8300000002406,44.04999999985]]},"properties":{"st":"WI","stf":55,"Date_Calc":"Tue, 13 Jul 2004 04:00:00 GMT","yr":2004,"mo":7,"dy":13,"date":"2004-07-13","time":"14:40:00","tz":3,"mag":1,"wid":500,"len":4.2,"fat":0,"inj":0,"closs":0,"loss":1.6,"om":360,"stn":33,"fc":0,"slat":44.1,"slon":-87.88,"elat":44.05,"elon":-87.83,"OBJECTID":46363}},{"type":"Feature","id":46383,"geometry":{"type":"LineString","coordinates":[[-89.3300000003312,43.4699999998204],[-89.3200000004025,43.4499999999516]]},"properties":{"st":"WI","stf":55,"Date_Calc":"Fri, 16 Jul 2004 04:00:00 GMT","yr":2004,"mo":7,"dy":16,"date":"2004-07-16","time":"13:40:00","tz":3,"mag":0,"wid":30,"len":0.5,"fat":0,"inj":0,"closs":0,"loss":0.001,"om":313,"stn":34,"fc":0,"slat":43.47,"slon":-89.33,"elat":43.45,"elon":-89.32,"OBJECTID":46383}},{"type":"Feature","id":46429,"geometry":{"type":"LineString","coordinates":[[-89.5199999998756,42.5699999997466],[-89.4800000001606,42.5699999997466]]},"properties":{"st":"WI","stf":55,"Date_Calc":"Tue, 06 Jul 2004 04:00:00 GMT","yr":2004,"mo":7,"dy":6,"date":"2004-07-06","time":"19:38:00","tz":3,"mag":0,"wid":50,"len":2,"fat":0,"inj":0,"closs":0,"loss":0,"om":312,"stn":24,"fc":0,"slat":42.57,"slon":-89.52,"elat":42.57,"elon":-89.48,"OBJECTID":46429}},{"type":"Feature","id":46831,"geometry":{"type":"LineString","coordinates":[[-92.5200000000569,44.6500000000667],[-92.4700000004132,44.6699999999382]]},"properties":{"st":"WI","stf":55,"Date_Calc":"Sun, 05 Sep 2004 04:00:00 GMT","yr":2004,"mo":9,"dy":5,"date":"2004-09-05","time":"17:40:00","tz":3,"mag":0,"wid":25,"len":1,"fat":0,"inj":0,"closs":0,"loss":0,"om":1614,"stn":35,"fc":0,"slat":44.65,"slon":-92.52,"elat":44.67,"elon":-92.47,"OBJECTID":46831}},{"type":"Feature","id":46835,"geometry":null,"properties":{"st":"WI","stf":55,"Date_Calc":"Sun, 05 Sep 2004 04:00:00 GMT","yr":2004,"mo":9,"dy":5,"date":"2004-09-05","time":"19:05:00","tz":3,"mag":0,"wid":25,"len":0.3,"fat":0,"inj":0,"closs":0,"loss":0,"om":1615,"stn":36,"fc":0,"slat":45.27,"slon":-92.1,"elat":45.27,"elon":-92.1,"OBJECTID":46835}},{"type":"Feature","id":47218,"geometry":null,"properties":{"st":"WI","stf":55,"Date_Calc":"Wed, 30 Mar 2005 05:00:00 GMT","yr":2005,"mo":3,"dy":30,"date":"2005-03-30","time":"14:10:00","tz":3,"mag":0,"wid":50,"len":0.2,"fat":0,"inj":0,"closs":0,"loss":0.002,"om":22,"stn":1,"fc":0,"slat":43.18,"slon":-89.42,"elat":43.18,"elon":-89.42,"OBJECTID":47218}},{"type":"Feature","id":47460,"geometry":{"type":"LineString","coordinates":[[-88.4199999996295,43.9500000000742],[-88.3500000001283,43.9299999997169]]},"properties":{"st":"WI","stf":55,"Date_Calc":"Fri, 06 May 2005 04:00:00 GMT","yr":2005,"mo":5,"dy":6,"date":"2005-05-06","time":"15:24:00","tz":3,"mag":0,"wid":50,"len":2.5,"fat":0,"inj":0,"closs":0,"loss":0,"om":810,"stn":2,"fc":0,"slat":43.95,"slon":-88.42,"elat":43.93,"elon":-88.35,"OBJECTID":47460}},{"type":"Feature","id":47461,"geometry":null,"properties":{"st":"WI","stf":55,"Date_Calc":"Fri, 06 May 2005 04:00:00 GMT","yr":2005,"mo":5,"dy":6,"date":"2005-05-06","time":"15:29:00","tz":3,"mag":0,"wid":50,"len":0.2,"fat":0,"inj":0,"closs":0,"loss":0,"om":133,"stn":3,"fc":0,"slat":43.95,"slon":-88.37,"elat":43.95,"elon":-88.37,"OBJECTID":47461}},{"type":"Feature","id":47483,"geometry":null,"properties":{"st":"WI","stf":55,"Date_Calc":"Fri, 10 Jun 2005 04:00:00 GMT","yr":2005,"mo":6,"dy":10,"date":"2005-06-10","time":"13:03:00","tz":3,"mag":0,"wid":20,"len":0.1,"fat":0,"inj":0,"closs":0,"loss":0,"om":911,"stn":21,"fc":0,"slat":44.78,"slon":-89.78,"elat":44.78,"elon":-89.78,"OBJECTID":47483}},{"type":"Feature","id":47484,"geometry":null,"properties":{"st":"WI","stf":55,"Date_Calc":"Fri, 10 Jun 2005 04:00:00 GMT","yr":2005,"mo":6,"dy":10,"date":"2005-06-10","time":"15:05:00","tz":3,"mag":0,"wid":20,"len":0.1,"fat":0,"inj":0,"closs":0,"loss":0,"om":913,"stn":22,"fc":0,"slat":44.13,"slon":-88.72,"elat":44.13,"elon":-88.72,"OBJECTID":47484}},{"type":"Feature","id":47485,"geometry":null,"properties":{"st":"WI","stf":55,"Date_Calc":"Fri, 10 Jun 2005 04:00:00 GMT","yr":2005,"mo":6,"dy":10,"date":"2005-06-10","time":"15:10:00","tz":3,"mag":0,"wid":20,"len":0.1,"fat":0,"inj":0,"closs":0,"loss":0,"om":912,"stn":23,"fc":0,"slat":44.62,"slon":-88.78,"elat":44.62,"elon":-88.78,"OBJECTID":47485}},{"type":"Feature","id":47493,"geometry":null,"properties":{"st":"WI","stf":55,"Date_Calc":"Fri, 10 Jun 2005 04:00:00 GMT","yr":2005,"mo":6,"dy":10,"date":"2005-06-10","time":"19:10:00","tz":3,"mag":0,"wid":20,"len":0.1,"fat":0,"inj":0,"closs":0,"loss":0,"om":923,"stn":24,"fc":0,"slat":44,"slon":-88.48,"elat":44,"elon":-88.48,"OBJECTID":47493}},{"type":"Feature","id":47494,"geometry":null,"properties":{"st":"WI","stf":55,"Date_Calc":"Fri, 10 Jun 2005 04:00:00 GMT","yr":2005,"mo":6,"dy":10,"date":"2005-06-10","time":"19:22:00","tz":3,"mag":0,"wid":20,"len":0.1,"fat":0,"inj":0,"closs":0,"loss":0,"om":924,"stn":25,"fc":0,"slat":44.02,"slon":-88.48,"elat":44.02,"elon":-88.48,"OBJECTID":47494}},{"type":"Feature","id":47495,"geometry":null,"properties":{"st":"WI","stf":55,"Date_Calc":"Fri, 10 Jun 2005 04:00:00 GMT","yr":2005,"mo":6,"dy":10,"date":"2005-06-10","time":"19:48:00","tz":3,"mag":0,"wid":20,"len":0.1,"fat":0,"inj":0,"closs":0,"loss":0,"om":925,"stn":26,"fc":0,"slat":44.02,"slon":-88.48,"elat":44.02,"elon":-88.48,"OBJECTID":47495}},{"type":"Feature","id":47498,"geometry":null,"properties":{"st":"WI","stf":55,"Date_Calc":"Sat, 11 Jun 2005 04:00:00 GMT","yr":2005,"mo":6,"dy":11,"date":"2005-06-11","time":"13:20:00","tz":3,"mag":0,"wid":25,"len":0.3,"fat":0,"inj":0,"closs":0,"loss":0,"om":941,"stn":27,"fc":0,"slat":45.1,"slon":-92.27,"elat":45.1,"elon":-92.27,"OBJECTID":47498}},{"type":"Feature","id":47499,"geometry":{"type":"LineString","coordinates":[[-92.2700000000417,45.2500000003057],[-92.2200000003981,45.2500000003057]]},"properties":{"st":"WI","stf":55,"Date_Calc":"Sat, 11 Jun 2005 04:00:00 GMT","yr":2005,"mo":6,"dy":11,"date":"2005-06-11","time":"13:40:00","tz":3,"mag":0,"wid":50,"len":2.5,"fat":0,"inj":0,"closs":0,"loss":0,"om":942,"stn":28,"fc":0,"slat":45.25,"slon":-92.27,"elat":45.25,"elon":-92.22,"OBJECTID":47499}},{"type":"Feature","id":47500,"geometry":{"type":"LineString","coordinates":[[-92.5799999996293,44.8200000003068],[-92.5499999998431,44.8499999997989]]},"properties":{"st":"WI","stf":55,"Date_Calc":"Sat, 11 Jun 2005 04:00:00 GMT","yr":2005,"mo":6,"dy":11,"date":"2005-06-11","time":"13:55:00","tz":3,"mag":0,"wid":25,"len":1,"fat":0,"inj":0,"closs":0,"loss":0,"om":944,"stn":29,"fc":0,"slat":44.82,"slon":-92.58,"elat":44.85,"elon":-92.55,"OBJECTID":47500}},{"type":"Feature","id":47501,"geometry":{"type":"LineString","coordinates":[[-92.0200000000266,45.4499999998535],[-91.9700000003829,45.499999999974]]},"properties":{"st":"WI","stf":55,"Date_Calc":"Sat, 11 Jun 2005 04:00:00 GMT","yr":2005,"mo":6,"dy":11,"date":"2005-06-11","time":"14:00:00","tz":3,"mag":1,"wid":50,"len":5,"fat":0,"inj":0,"closs":0,"loss":0,"om":943,"stn":30,"fc":0,"slat":45.45,"slon":-92.02,"elat":45.5,"elon":-91.97,"OBJECTID":47501}},{"type":"Feature","id":47502,"geometry":{"type":"LineString","coordinates":[[-92.5499999998431,44.9200000002289],[-92.4299999997999,45.0000000000504]]},"properties":{"st":"WI","stf":55,"Date_Calc":"Sat, 11 Jun 2005 04:00:00 GMT","yr":2005,"mo":6,"dy":11,"date":"2005-06-11","time":"14:04:00","tz":3,"mag":1,"wid":50,"len":8,"fat":0,"inj":0,"closs":0,"loss":3.6,"om":945,"stn":31,"fc":0,"slat":44.92,"slon":-92.55,"elat":45,"elon":-92.43,"OBJECTID":47502}},{"type":"Feature","id":47503,"geometry":{"type":"LineString","coordinates":[[-92.3299999996142,45.1199999998695],[-92.3199999996855,45.1199999998695]]},"properties":{"st":"WI","stf":55,"Date_Calc":"Sat, 11 Jun 2005 04:00:00 GMT","yr":2005,"mo":6,"dy":11,"date":"2005-06-11","time":"14:43:00","tz":3,"mag":0,"wid":25,"len":0.5,"fat":0,"inj":0,"closs":0,"loss":0,"om":946,"stn":32,"fc":0,"slat":45.12,"slon":-92.33,"elat":45.12,"elon":-92.32,"OBJECTID":47503}},{"type":"Feature","id":47536,"geometry":null,"properties":{"st":"WI","stf":55,"Date_Calc":"Mon, 13 Jun 2005 04:00:00 GMT","yr":2005,"mo":6,"dy":13,"date":"2005-06-13","time":"14:49:00","tz":3,"mag":0,"wid":75,"len":0.2,"fat":0,"inj":0,"closs":0,"loss":0.001,"om":229,"stn":33,"fc":0,"slat":44.52,"slon":-88.42,"elat":44.52,"elon":-88.42,"OBJECTID":47536}},{"type":"Feature","id":47674,"geometry":null,"properties":{"st":"WI","stf":55,"Date_Calc":"Sat, 04 Jun 2005 04:00:00 GMT","yr":2005,"mo":6,"dy":4,"date":"2005-06-04","time":"13:54:00","tz":3,"mag":0,"wid":75,"len":0.2,"fat":0,"inj":0,"closs":0,"loss":0,"om":914,"stn":4,"fc":0,"slat":44.05,"slon":-88.98,"elat":44.05,"elon":-88.98,"OBJECTID":47674}},{"type":"Feature","id":47675,"geometry":null,"properties":{"st":"WI","stf":55,"Date_Calc":"Sat, 04 Jun 2005 04:00:00 GMT","yr":2005,"mo":6,"dy":4,"date":"2005-06-04","time":"14:05:00","tz":3,"mag":0,"wid":50,"len":0.1,"fat":0,"inj":0,"closs":0,"loss":0,"om":915,"stn":5,"fc":0,"slat":44.12,"slon":-88.93,"elat":44.12,"elon":-88.93,"OBJECTID":47675}},{"type":"Feature","id":47679,"geometry":{"type":"LineString","coordinates":[[-90.5299999998647,44.7299999998455],[-90.4199999997503,45.0000000000504]]},"properties":{"st":"WI","stf":55,"Date_Calc":"Sat, 04 Jun 2005 04:00:00 GMT","yr":2005,"mo":6,"dy":4,"date":"2005-06-04","time":"15:27:00","tz":3,"mag":1,"wid":50,"len":17,"fat":0,"inj":0,"closs":0,"loss":0.6,"om":892,"stn":6,"fc":0,"slat":44.73,"slon":-90.53,"elat":45,"elon":-90.42,"OBJECTID":47679}},{"type":"Feature","id":47680,"geometry":{"type":"LineString","coordinates":[[-90.049999999692,44.9200000002289],[-90.049999999692,44.9300000000103]]},"properties":{"st":"WI","stf":55,"Date_Calc":"Sat, 04 Jun 2005 04:00:00 GMT","yr":2005,"mo":6,"dy":4,"date":"2005-06-04","time":"15:27:00","tz":3,"mag":0,"wid":75,"len":1.2,"fat":0,"inj":0,"closs":0,"loss":0,"om":916,"stn":7,"fc":0,"slat":44.92,"slon":-90.05,"elat":44.93,"elon":-90.05,"OBJECTID":47680}},{"type":"Feature","id":47681,"geometry":{"type":"LineString","coordinates":[[-90.100000000234,45.0300000000157],[-90.100000000234,45.0500000002974]]},"properties":{"st":"WI","stf":55,"Date_Calc":"Sat, 04 Jun 2005 04:00:00 GMT","yr":2005,"mo":6,"dy":4,"date":"2005-06-04","time":"15:39:00","tz":3,"mag":0,"wid":100,"len":1.3,"fat":0,"inj":0,"closs":0,"loss":0,"om":917,"stn":8,"fc":0,"slat":45.03,"slon":-90.1,"elat":45.05,"elon":-90.1,"OBJECTID":47681}},{"type":"Feature","id":47682,"geometry":null,"properties":{"st":"WI","stf":55,"Date_Calc":"Sat, 04 Jun 2005 04:00:00 GMT","yr":2005,"mo":6,"dy":4,"date":"2005-06-04","time":"16:17:00","tz":3,"mag":0,"wid":20,"len":0.2,"fat":0,"inj":0,"closs":0,"loss":0.03,"om":893,"stn":9,"fc":0,"slat":45.17,"slon":-90.4,"elat":45.17,"elon":-90.4,"OBJECTID":47682}},{"type":"Feature","id":47685,"geometry":null,"properties":{"st":"WI","stf":55,"Date_Calc":"Sat, 04 Jun 2005 04:00:00 GMT","yr":2005,"mo":6,"dy":4,"date":"2005-06-04","time":"17:06:00","tz":3,"mag":0,"wid":25,"len":0.1,"fat":0,"inj":0,"closs":0,"loss":0,"om":918,"stn":10,"fc":0,"slat":44.98,"slon":-90.08,"elat":44.98,"elon":-90.08,"OBJECTID":47685}},{"type":"Feature","id":47687,"geometry":null,"properties":{"st":"WI","stf":55,"Date_Calc":"Sat, 04 Jun 2005 04:00:00 GMT","yr":2005,"mo":6,"dy":4,"date":"2005-06-04","time":"17:20:00","tz":3,"mag":0,"wid":25,"len":0.1,"fat":0,"inj":0,"closs":0,"loss":0,"om":919,"stn":11,"fc":0,"slat":44.92,"slon":-89.9,"elat":44.92,"elon":-89.9,"OBJECTID":47687}},{"type":"Feature","id":47705,"geometry":null,"properties":{"st":"WI","stf":55,"Date_Calc":"Sat, 04 Jun 2005 04:00:00 GMT","yr":2005,"mo":6,"dy":4,"date":"2005-06-04","time":"19:18:00","tz":3,"mag":0,"wid":25,"len":0.1,"fat":0,"inj":0,"closs":0,"loss":0,"om":920,"stn":12,"fc":0,"slat":44.93,"slon":-89.32,"elat":44.93,"elon":-89.32,"OBJECTID":47705}},{"type":"Feature","id":47706,"geometry":null,"properties":{"st":"WI","stf":55,"Date_Calc":"Sat, 04 Jun 2005 04:00:00 GMT","yr":2005,"mo":6,"dy":4,"date":"2005-06-04","time":"19:27:00","tz":3,"mag":0,"wid":25,"len":0.3,"fat":0,"inj":0,"closs":0,"loss":0.01,"om":891,"stn":13,"fc":0,"slat":45.17,"slon":-90.83,"elat":45.17,"elon":-90.83,"OBJECTID":47706}},{"type":"Feature","id":47714,"geometry":null,"properties":{"st":"WI","stf":55,"Date_Calc":"Sun, 05 Jun 2005 04:00:00 GMT","yr":2005,"mo":6,"dy":5,"date":"2005-06-05","time":"15:05:00","tz":3,"mag":0,"wid":20,"len":0.1,"fat":0,"inj":0,"closs":0,"loss":0,"om":207,"stn":14,"fc":0,"slat":45.95,"slon":-90.48,"elat":45.95,"elon":-90.48,"OBJECTID":47714}},{"type":"Feature","id":47741,"geometry":{"type":"LineString","coordinates":[[-92.1000000003549,45.4799999999929],[-92.0799999995991,45.4700000000423]]},"properties":{"st":"WI","stf":55,"Date_Calc":"Tue, 07 Jun 2005 04:00:00 GMT","yr":2005,"mo":6,"dy":7,"date":"2005-06-07","time":"15:44:00","tz":3,"mag":0,"wid":25,"len":1,"fat":0,"inj":0,"closs":0,"loss":0,"om":938,"stn":15,"fc":0,"slat":45.48,"slon":-92.1,"elat":45.47,"elon":-92.08,"OBJECTID":47741}},{"type":"Feature","id":47742,"geometry":{"type":"LineString","coordinates":[[-92.0299999999554,45.4700000000423],[-92.0200000000266,45.4499999998535]]},"properties":{"st":"WI","stf":55,"Date_Calc":"Tue, 07 Jun 2005 04:00:00 GMT","yr":2005,"mo":6,"dy":7,"date":"2005-06-07","time":"15:58:00","tz":3,"mag":0,"wid":25,"len":2,"fat":0,"inj":0,"closs":0,"loss":0,"om":939,"stn":16,"fc":0,"slat":45.47,"slon":-92.03,"elat":45.45,"elon":-92.02,"OBJECTID":47742}},{"type":"Feature","id":47744,"geometry":null,"properties":{"st":"WI","stf":55,"Date_Calc":"Tue, 07 Jun 2005 04:00:00 GMT","yr":2005,"mo":6,"dy":7,"date":"2005-06-07","time":"16:48:00","tz":3,"mag":0,"wid":20,"len":0.1,"fat":0,"inj":0,"closs":0,"loss":0,"om":208,"stn":17,"fc":0,"slat":45.82,"slon":-92.08,"elat":45.82,"elon":-92.08,"OBJECTID":47744}},{"type":"Feature","id":47748,"geometry":{"type":"LineString","coordinates":[[-91.6000000003247,45.0000000000504],[-91.5199999999964,44.9800000002521]]},"properties":{"st":"WI","stf":55,"Date_Calc":"Tue, 07 Jun 2005 04:00:00 GMT","yr":2005,"mo":6,"dy":7,"date":"2005-06-07","time":"17:10:00","tz":3,"mag":0,"wid":50,"len":5.5,"fat":0,"inj":0,"closs":0,"loss":0,"om":940,"stn":18,"fc":0,"slat":45,"slon":-91.6,"elat":44.98,"elon":-91.52,"OBJECTID":47748}},{"type":"Feature","id":47782,"geometry":{"type":"LineString","coordinates":[[-88.4800000001002,43.9699999997268],[-88.450000000314,44.0199999998884]]},"properties":{"st":"WI","stf":55,"Date_Calc":"Thu, 09 Jun 2005 04:00:00 GMT","yr":2005,"mo":6,"dy":9,"date":"2005-06-09","time":"17:40:00","tz":3,"mag":0,"wid":40,"len":3,"fat":0,"inj":0,"closs":0,"loss":0,"om":921,"stn":19,"fc":0,"slat":43.97,"slon":-88.48,"elat":44.02,"elon":-88.45,"OBJECTID":47782}},{"type":"Feature","id":47789,"geometry":null,"properties":{"st":"WI","stf":55,"Date_Calc":"Thu, 09 Jun 2005 04:00:00 GMT","yr":2005,"mo":6,"dy":9,"date":"2005-06-09","time":"18:14:00","tz":3,"mag":0,"wid":25,"len":0.1,"fat":0,"inj":0,"closs":0,"loss":0,"om":922,"stn":20,"fc":0,"slat":44.1,"slon":-88.35,"elat":44.1,"elon":-88.35,"OBJECTID":47789}},{"type":"Feature","id":47837,"geometry":{"type":"LineString","coordinates":[[-88.9199999996597,42.81999999977],[-88.8799999999447,42.81999999977]]},"properties":{"st":"WI","stf":55,"Date_Calc":"Mon, 25 Jul 2005 04:00:00 GMT","yr":2005,"mo":7,"dy":25,"date":"2005-07-25","time":"15:07:00","tz":3,"mag":1,"wid":50,"len":2,"fat":0,"inj":0,"closs":0,"loss":0.3,"om":270,"stn":34,"fc":0,"slat":42.82,"slon":-88.92,"elat":42.82,"elon":-88.88,"OBJECTID":47837}},{"type":"Feature","id":47955,"geometry":null,"properties":{"st":"WI","stf":55,"Date_Calc":"Thu, 18 Aug 2005 04:00:00 GMT","yr":2005,"mo":8,"dy":18,"date":"2005-08-18","time":"13:18:00","tz":3,"mag":0,"wid":25,"len":0.1,"fat":0,"inj":0,"closs":0,"loss":0.002,"om":1095,"stn":35,"fc":0,"slat":44.07,"slon":-91.55,"elat":44.07,"elon":-91.55,"OBJECTID":47955}},{"type":"Feature","id":47956,"geometry":{"type":"LineString","coordinates":[[-91.029999999895,43.6299999998462],[-91.0000000001088,43.6299999998462]]},"properties":{"st":"WI","stf":55,"Date_Calc":"Thu, 18 Aug 2005 04:00:00 GMT","yr":2005,"mo":8,"dy":18,"date":"2005-08-18","time":"14:46:00","tz":3,"mag":1,"wid":25,"len":1.2,"fat":0,"inj":1,"closs":0,"loss":0.15,"om":1096,"stn":36,"fc":0,"slat":43.63,"slon":-91.03,"elat":43.63,"elon":-91,"OBJECTID":47956}},{"type":"Feature","id":47957,"geometry":{"type":"LineString","coordinates":[[-90.7699999999511,43.5199999996883],[-90.3700000001066,43.4699999998204]]},"properties":{"st":"WI","stf":55,"Date_Calc":"Thu, 18 Aug 2005 04:00:00 GMT","yr":2005,"mo":8,"dy":18,"date":"2005-08-18","time":"15:05:00","tz":3,"mag":2,"wid":40,"len":20,"fat":0,"inj":3,"closs":0,"loss":3.3,"om":1097,"stn":37,"fc":0,"slat":43.52,"slon":-90.77,"elat":43.47,"elon":-90.37,"OBJECTID":47957}},{"type":"Feature","id":47958,"geometry":{"type":"LineString","coordinates":[[-90.4500000004348,43.1800000003216],[-90.3999999998928,43.2199999999698]]},"properties":{"st":"WI","stf":55,"Date_Calc":"Thu, 18 Aug 2005 04:00:00 GMT","yr":2005,"mo":8,"dy":18,"date":"2005-08-18","time":"15:40:00","tz":3,"mag":1,"wid":55,"len":4,"fat":0,"inj":0,"closs":0,"loss":0.2,"om":1098,"stn":38,"fc":0,"slat":43.18,"slon":-90.45,"elat":43.22,"elon":-90.4,"OBJECTID":47958}},{"type":"Feature","id":47959,"geometry":{"type":"LineString","coordinates":[[-90.4199999997503,43.9799999997786],[-90.1699999997352,44.1000000000058]]},"properties":{"st":"WI","stf":55,"Date_Calc":"Thu, 18 Aug 2005 04:00:00 GMT","yr":2005,"mo":8,"dy":18,"date":"2005-08-18","time":"15:54:00","tz":3,"mag":1,"wid":25,"len":10,"fat":0,"inj":0,"closs":0,"loss":0.14,"om":1099,"stn":39,"fc":0,"slat":43.98,"slon":-90.42,"elat":44.1,"elon":-90.17,"OBJECTID":47959}},{"type":"Feature","id":47960,"geometry":null,"properties":{"st":"WI","stf":55,"Date_Calc":"Thu, 18 Aug 2005 04:00:00 GMT","yr":2005,"mo":8,"dy":18,"date":"2005-08-18","time":"15:55:00","tz":3,"mag":0,"wid":25,"len":0.1,"fat":0,"inj":0,"closs":0,"loss":0,"om":1135,"stn":40,"fc":0,"slat":43.17,"slon":-90.47,"elat":43.17,"elon":-90.47,"OBJECTID":47960}},{"type":"Feature","id":47961,"geometry":{"type":"LineString","coordinates":[[-90.2000000004197,43.1299999998549],[-90.100000000234,43.2000000002725]]},"properties":{"st":"WI","stf":55,"Date_Calc":"Thu, 18 Aug 2005 04:00:00 GMT","yr":2005,"mo":8,"dy":18,"date":"2005-08-18","time":"16:18:00","tz":3,"mag":1,"wid":100,"len":6.5,"fat":0,"inj":0,"closs":0,"loss":0.02,"om":1134,"stn":41,"fc":0,"slat":43.13,"slon":-90.2,"elat":43.2,"elon":-90.1,"OBJECTID":47961}},{"type":"Feature","id":47962,"geometry":{"type":"LineString","coordinates":[[-90.0800000003765,43.1699999999807],[-90.049999999692,43.1800000003216]]},"properties":{"st":"WI","stf":55,"Date_Calc":"Thu, 18 Aug 2005 04:00:00 GMT","yr":2005,"mo":8,"dy":18,"date":"2005-08-18","time":"16:30:00","tz":3,"mag":1,"wid":75,"len":1.9,"fat":0,"inj":0,"closs":0,"loss":0.002,"om":1136,"stn":42,"fc":0,"slat":43.17,"slon":-90.08,"elat":43.18,"elon":-90.05,"OBJECTID":47962}},{"type":"Feature","id":47963,"geometry":{"type":"LineString","coordinates":[[-89.8999999998626,43.3699999997945],[-89.5299999998043,43.3200000001306]]},"properties":{"st":"WI","stf":55,"Date_Calc":"Thu, 18 Aug 2005 04:00:00 GMT","yr":2005,"mo":8,"dy":18,"date":"2005-08-18","time":"16:33:00","tz":3,"mag":2,"wid":200,"len":14.5,"fat":0,"inj":0,"closs":0,"loss":0.61,"om":1137,"stn":43,"fc":0,"slat":43.37,"slon":-89.9,"elat":43.32,"elon":-89.53,"OBJECTID":47963}},{"type":"Feature","id":47964,"geometry":{"type":"LineString","coordinates":[[-89.8200000004327,43.7800000001137],[-89.8999999998626,43.8199999997042]]},"properties":{"st":"WI","stf":55,"Date_Calc":"Thu, 18 Aug 2005 04:00:00 GMT","yr":2005,"mo":8,"dy":18,"date":"2005-08-18","time":"16:39:00","tz":3,"mag":1,"wid":30,"len":0.8,"fat":0,"inj":0,"closs":0,"loss":0.01,"om":1100,"stn":44,"fc":0,"slat":43.78,"slon":-89.82,"elat":43.82,"elon":-89.9,"OBJECTID":47964}},{"type":"Feature","id":47965,"geometry":{"type":"LineString","coordinates":[[-89.6499999998475,43.3699999997945],[-89.62999999999,43.3699999997945]]},"properties":{"st":"WI","stf":55,"Date_Calc":"Thu, 18 Aug 2005 04:00:00 GMT","yr":2005,"mo":8,"dy":18,"date":"2005-08-18","time":"17:00:00","tz":3,"mag":0,"wid":75,"len":1,"fat":0,"inj":0,"closs":0,"loss":0.01,"om":1138,"stn":45,"fc":0,"slat":43.37,"slon":-89.65,"elat":43.37,"elon":-89.63,"OBJECTID":47965}},{"type":"Feature","id":47966,"geometry":{"type":"LineString","coordinates":[[-89.4700000002319,43.9000000002327],[-89.4299999996186,43.9799999997786]]},"properties":{"st":"WI","stf":55,"Date_Calc":"Thu, 18 Aug 2005 04:00:00 GMT","yr":2005,"mo":8,"dy":18,"date":"2005-08-18","time":"17:08:00","tz":3,"mag":1,"wid":100,"len":5.5,"fat":0,"inj":0,"closs":0,"loss":0.1,"om":1139,"stn":46,"fc":0,"slat":43.9,"slon":-89.47,"elat":43.98,"elon":-89.43,"OBJECTID":47966}},{"type":"Feature","id":47967,"geometry":null,"properties":{"st":"WI","stf":55,"Date_Calc":"Thu, 18 Aug 2005 04:00:00 GMT","yr":2005,"mo":8,"dy":18,"date":"2005-08-18","time":"17:10:00","tz":3,"mag":0,"wid":25,"len":0.1,"fat":0,"inj":0,"closs":0,"loss":0,"om":1140,"stn":47,"fc":0,"slat":43.38,"slon":-89.48,"elat":43.38,"elon":-89.48,"OBJECTID":47967}},{"type":"Feature","id":47968,"geometry":{"type":"LineString","coordinates":[[-89.4299999996186,42.9199999999081],[-88.9800000001304,42.9300000000991]]},"properties":{"st":"WI","stf":55,"Date_Calc":"Thu, 18 Aug 2005 04:00:00 GMT","yr":2005,"mo":8,"dy":18,"date":"2005-08-18","time":"17:15:00","tz":3,"mag":3,"wid":600,"len":18.6,"fat":1,"inj":23,"closs":0,"loss":34.31,"om":1141,"stn":48,"fc":0,"slat":42.92,"slon":-89.43,"elat":42.93,"elon":-88.98,"OBJECTID":47968}},{"type":"Feature","id":47969,"geometry":{"type":"LineString","coordinates":[[-89.5299999998043,43.230000000155],[-89.5000000000181,43.2700000002688]]},"properties":{"st":"WI","stf":55,"Date_Calc":"Thu, 18 Aug 2005 04:00:00 GMT","yr":2005,"mo":8,"dy":18,"date":"2005-08-18","time":"17:17:00","tz":3,"mag":0,"wid":30,"len":2,"fat":0,"inj":0,"closs":0,"loss":0,"om":1142,"stn":49,"fc":0,"slat":43.23,"slon":-89.53,"elat":43.27,"elon":-89.5,"OBJECTID":47969}},{"type":"Feature","id":47970,"geometry":{"type":"LineString","coordinates":[[-89.3300000003312,43.9799999997786],[-89.2799999997892,44.0199999998884]]},"properties":{"st":"WI","stf":55,"Date_Calc":"Thu, 18 Aug 2005 04:00:00 GMT","yr":2005,"mo":8,"dy":18,"date":"2005-08-18","time":"17:32:00","tz":3,"mag":0,"wid":80,"len":2,"fat":0,"inj":0,"closs":0,"loss":0.01,"om":1113,"stn":50,"fc":0,"slat":43.98,"slon":-89.33,"elat":44.02,"elon":-89.28,"OBJECTID":47970}},{"type":"Feature","id":47971,"geometry":{"type":"LineString","coordinates":[[-89.0499999996316,42.9500000001372],[-89.0199999998454,42.9500000001372]]},"properties":{"st":"WI","stf":55,"Date_Calc":"Thu, 18 Aug 2005 04:00:00 GMT","yr":2005,"mo":8,"dy":18,"date":"2005-08-18","time":"18:10:00","tz":3,"mag":1,"wid":100,"len":1.6,"fat":0,"inj":0,"closs":0,"loss":0.07,"om":1143,"stn":51,"fc":0,"slat":42.95,"slon":-89.05,"elat":42.95,"elon":-89.02,"OBJECTID":47971}},{"type":"Feature","id":47972,"geometry":{"type":"LineString","coordinates":[[-88.9700000002017,42.9300000000991],[-88.9500000003442,42.9300000000991]]},"properties":{"st":"WI","stf":55,"Date_Calc":"Thu, 18 Aug 2005 04:00:00 GMT","yr":2005,"mo":8,"dy":18,"date":"2005-08-18","time":"18:15:00","tz":3,"mag":0,"wid":50,"len":0.5,"fat":0,"inj":0,"closs":0,"loss":0.05,"om":1144,"stn":52,"fc":0,"slat":42.93,"slon":-88.97,"elat":42.93,"elon":-88.95,"OBJECTID":47972}},{"type":"Feature","id":47973,"geometry":null,"properties":{"st":"WI","stf":55,"Date_Calc":"Thu, 18 Aug 2005 04:00:00 GMT","yr":2005,"mo":8,"dy":18,"date":"2005-08-18","time":"18:20:00","tz":3,"mag":1,"wid":50,"len":0.7,"fat":0,"inj":0,"closs":0,"loss":0.03,"om":1145,"stn":53,"fc":0,"slat":42.93,"slon":-88.95,"elat":42.93,"elon":-88.95,"OBJECTID":47973}},{"type":"Feature","id":47974,"geometry":{"type":"LineString","coordinates":[[-88.9299999995884,42.9300000000991],[-88.8999999998022,42.9199999999081]]},"properties":{"st":"WI","stf":55,"Date_Calc":"Thu, 18 Aug 2005 04:00:00 GMT","yr":2005,"mo":8,"dy":18,"date":"2005-08-18","time":"18:27:00","tz":3,"mag":1,"wid":50,"len":1.2,"fat":0,"inj":0,"closs":0,"loss":0.03,"om":1146,"stn":54,"fc":0,"slat":42.93,"slon":-88.93,"elat":42.92,"elon":-88.9,"OBJECTID":47974}},{"type":"Feature","id":47975,"geometry":{"type":"LineString","coordinates":[[-88.870000000016,42.9199999999081],[-88.830000000301,42.9199999999081]]},"properties":{"st":"WI","stf":55,"Date_Calc":"Thu, 18 Aug 2005 04:00:00 GMT","yr":2005,"mo":8,"dy":18,"date":"2005-08-18","time":"18:37:00","tz":3,"mag":1,"wid":50,"len":1.4,"fat":0,"inj":0,"closs":0,"loss":0.35,"om":1147,"stn":55,"fc":0,"slat":42.92,"slon":-88.87,"elat":42.92,"elon":-88.83,"OBJECTID":47975}},{"type":"Feature","id":47976,"geometry":{"type":"LineString","coordinates":[[-88.779999999759,44.3300000000657],[-88.7999999996165,44.3499999997404]]},"properties":{"st":"WI","stf":55,"Date_Calc":"Thu, 18 Aug 2005 04:00:00 GMT","yr":2005,"mo":8,"dy":18,"date":"2005-08-18","time":"18:38:00","tz":3,"mag":0,"wid":40,"len":1.2,"fat":0,"inj":0,"closs":0,"loss":0.001,"om":1114,"stn":56,"fc":0,"slat":44.33,"slon":-88.78,"elat":44.35,"elon":-88.8,"OBJECTID":47976}},{"type":"Feature","id":47977,"geometry":{"type":"LineString","coordinates":[[-88.5299999997439,44.1799999999088],[-88.4800000001002,44.2199999998697]]},"properties":{"st":"WI","stf":55,"Date_Calc":"Thu, 18 Aug 2005 04:00:00 GMT","yr":2005,"mo":8,"dy":18,"date":"2005-08-18","time":"18:40:00","tz":3,"mag":0,"wid":50,"len":4,"fat":0,"inj":0,"closs":0,"loss":0.001,"om":1115,"stn":57,"fc":0,"slat":44.18,"slon":-88.53,"elat":44.22,"elon":-88.48,"OBJECTID":47977}},{"type":"Feature","id":47978,"geometry":{"type":"LineString","coordinates":[[-88.8999999998022,42.8700000002237],[-88.8500000001585,42.8500000001229]]},"properties":{"st":"WI","stf":55,"Date_Calc":"Thu, 18 Aug 2005 04:00:00 GMT","yr":2005,"mo":8,"dy":18,"date":"2005-08-18","time":"18:44:00","tz":3,"mag":1,"wid":75,"len":3,"fat":0,"inj":0,"closs":0,"loss":0.02,"om":1149,"stn":58,"fc":0,"slat":42.87,"slon":-88.9,"elat":42.85,"elon":-88.85,"OBJECTID":47978}},{"type":"Feature","id":47979,"geometry":null,"properties":{"st":"WI","stf":55,"Date_Calc":"Thu, 18 Aug 2005 04:00:00 GMT","yr":2005,"mo":8,"dy":18,"date":"2005-08-18","time":"18:45:00","tz":3,"mag":0,"wid":50,"len":0.2,"fat":0,"inj":0,"closs":0,"loss":0.01,"om":1148,"stn":59,"fc":0,"slat":42.9,"slon":-88.8,"elat":42.9,"elon":-88.8,"OBJECTID":47979}},{"type":"Feature","id":47980,"geometry":{"type":"LineString","coordinates":[[-88.0499999995712,44.3699999999093],[-88.0299999997137,44.3699999999093]]},"properties":{"st":"WI","stf":55,"Date_Calc":"Thu, 18 Aug 2005 04:00:00 GMT","yr":2005,"mo":8,"dy":18,"date":"2005-08-18","time":"19:45:00","tz":3,"mag":1,"wid":100,"len":1,"fat":0,"inj":0,"closs":0,"loss":0.01,"om":1116,"stn":60,"fc":0,"slat":44.37,"slon":-88.05,"elat":44.37,"elon":-88.03,"OBJECTID":47980}},{"type":"Feature","id":47981,"geometry":{"type":"LineString","coordinates":[[-87.7200000001261,43.999999999853],[-87.6699999995841,43.999999999853]]},"properties":{"st":"WI","stf":55,"Date_Calc":"Thu, 18 Aug 2005 04:00:00 GMT","yr":2005,"mo":8,"dy":18,"date":"2005-08-18","time":"20:35:00","tz":3,"mag":1,"wid":100,"len":1.5,"fat":0,"inj":0,"closs":0,"loss":0.01,"om":1117,"stn":61,"fc":0,"slat":44,"slon":-87.72,"elat":44,"elon":-87.67,"OBJECTID":47981}},{"type":"Feature","id":48068,"geometry":{"type":"LineString","coordinates":[[-91.2500000001238,44.0199999998884],[-91.2200000003376,43.999999999853]]},"properties":{"st":"WI","stf":55,"Date_Calc":"Tue, 13 Sep 2005 04:00:00 GMT","yr":2005,"mo":9,"dy":13,"date":"2005-09-13","time":"14:17:00","tz":3,"mag":1,"wid":65,"len":2,"fat":0,"inj":0,"closs":0,"loss":0.01,"om":414,"stn":62,"fc":0,"slat":44.02,"slon":-91.25,"elat":44,"elon":-91.22,"OBJECTID":48068}},{"type":"Feature","id":48071,"geometry":null,"properties":{"st":"WI","stf":55,"Date_Calc":"Tue, 13 Sep 2005 04:00:00 GMT","yr":2005,"mo":9,"dy":13,"date":"2005-09-13","time":"17:09:00","tz":3,"mag":0,"wid":50,"len":1.9,"fat":0,"inj":0,"closs":0,"loss":0.01,"om":444,"stn":63,"fc":0,"slat":44.45,"slon":-88.05,"elat":44.45,"elon":-88.05,"OBJECTID":48071}},{"type":"Feature","id":48852,"geometry":null,"properties":{"st":"WI","stf":55,"Date_Calc":"Wed, 24 May 2006 04:00:00 GMT","yr":2006,"mo":5,"dy":24,"date":"2006-05-24","time":"15:57:00","tz":3,"mag":0,"wid":15,"len":1,"fat":0,"inj":0,"closs":0,"loss":0.004,"om":558,"stn":1,"fc":0,"slat":43.3,"slon":-90.38,"elat":43.3,"elon":-90.38,"OBJECTID":48852}},{"type":"Feature","id":48857,"geometry":{"type":"LineString","coordinates":[[-89.7500000000332,43.3500000002957],[-89.7799999998194,43.3699999997945]]},"properties":{"st":"WI","stf":55,"Date_Calc":"Wed, 24 May 2006 04:00:00 GMT","yr":2006,"mo":5,"dy":24,"date":"2006-05-24","time":"16:53:00","tz":3,"mag":0,"wid":20,"len":0.1,"fat":0,"inj":0,"closs":0,"loss":0,"om":564,"stn":2,"fc":0,"slat":43.35,"slon":-89.75,"elat":43.37,"elon":-89.78,"OBJECTID":48857}},{"type":"Feature","id":48980,"geometry":null,"properties":{"st":"WI","stf":55,"Date_Calc":"Sun, 18 Jun 2006 04:00:00 GMT","yr":2006,"mo":6,"dy":18,"date":"2006-06-18","time":"13:22:00","tz":3,"mag":0,"wid":20,"len":0.1,"fat":0,"inj":0,"closs":0,"loss":0,"om":647,"stn":7,"fc":0,"slat":42.88,"slon":-89.27,"elat":42.88,"elon":-89.27,"OBJECTID":48980}},{"type":"Feature","id":48981,"geometry":{"type":"LineString","coordinates":[[-88.450000000314,43.3200000001306],[-88.3500000001283,43.2800000001748]]},"properties":{"st":"WI","stf":55,"Date_Calc":"Sun, 18 Jun 2006 04:00:00 GMT","yr":2006,"mo":6,"dy":18,"date":"2006-06-18","time":"13:26:00","tz":3,"mag":1,"wid":400,"len":5.8,"fat":0,"inj":1,"closs":0,"loss":4,"om":648,"stn":8,"fc":0,"slat":43.32,"slon":-88.45,"elat":43.28,"elon":-88.35,"OBJECTID":48981}},{"type":"Feature","id":49029,"geometry":null,"properties":{"st":"WI","stf":55,"Date_Calc":"Sat, 24 Jun 2006 04:00:00 GMT","yr":2006,"mo":6,"dy":24,"date":"2006-06-24","time":"16:14:00","tz":3,"mag":0,"wid":10,"len":0.1,"fat":0,"inj":0,"closs":0,"loss":0,"om":696,"stn":9,"fc":0,"slat":44.18,"slon":-88.35,"elat":44.18,"elon":-88.35,"OBJECTID":49029}},{"type":"Feature","id":49055,"geometry":null,"properties":{"st":"WI","stf":55,"Date_Calc":"Tue, 06 Jun 2006 04:00:00 GMT","yr":2006,"mo":6,"dy":6,"date":"2006-06-06","time":"17:53:00","tz":3,"mag":0,"wid":25,"len":0.2,"fat":0,"inj":0,"closs":0,"loss":0,"om":602,"stn":3,"fc":0,"slat":43.13,"slon":-90.05,"elat":43.13,"elon":-90.05,"OBJECTID":49055}},{"type":"Feature","id":49056,"geometry":{"type":"LineString","coordinates":[[-89.7000000003895,43.6299999998462],[-89.4800000001606,43.4499999999516]]},"properties":{"st":"WI","stf":55,"Date_Calc":"Tue, 06 Jun 2006 04:00:00 GMT","yr":2006,"mo":6,"dy":6,"date":"2006-06-06","time":"17:54:00","tz":3,"mag":1,"wid":200,"len":16.9,"fat":0,"inj":0,"closs":0,"loss":1,"om":603,"stn":4,"fc":0,"slat":43.63,"slon":-89.7,"elat":43.45,"elon":-89.48,"OBJECTID":49056}},{"type":"Feature","id":49057,"geometry":{"type":"LineString","coordinates":[[-90.0299999998345,43.0699999996973],[-89.9500000004046,43.0499999997197]]},"properties":{"st":"WI","stf":55,"Date_Calc":"Tue, 06 Jun 2006 04:00:00 GMT","yr":2006,"mo":6,"dy":6,"date":"2006-06-06","time":"18:14:00","tz":3,"mag":0,"wid":30,"len":2.7,"fat":0,"inj":0,"closs":0,"loss":0,"om":604,"stn":5,"fc":0,"slat":43.07,"slon":-90.03,"elat":43.05,"elon":-89.95,"OBJECTID":49057}},{"type":"Feature","id":49058,"geometry":null,"properties":{"st":"WI","stf":55,"Date_Calc":"Tue, 06 Jun 2006 04:00:00 GMT","yr":2006,"mo":6,"dy":6,"date":"2006-06-06","time":"18:33:00","tz":3,"mag":0,"wid":30,"len":0.5,"fat":0,"inj":0,"closs":0,"loss":0.01,"om":605,"stn":6,"fc":0,"slat":43.02,"slon":-89.93,"elat":43.02,"elon":-89.93,"OBJECTID":49058}},{"type":"Feature","id":49120,"geometry":null,"properties":{"st":"WI","stf":55,"Date_Calc":"Mon, 03 Jul 2006 04:00:00 GMT","yr":2006,"mo":7,"dy":3,"date":"2006-07-03","time":"12:28:00","tz":3,"mag":0,"wid":10,"len":0.1,"fat":0,"inj":0,"closs":0,"loss":0,"om":711,"stn":10,"fc":0,"slat":43.68,"slon":-88.8,"elat":43.68,"elon":-88.8,"OBJECTID":49120}},{"type":"Feature","id":49155,"geometry":null,"properties":{"st":"WI","stf":55,"Date_Calc":"Wed, 23 Aug 2006 04:00:00 GMT","yr":2006,"mo":8,"dy":23,"date":"2006-08-23","time":"20:02:00","tz":3,"mag":0,"wid":20,"len":0.1,"fat":0,"inj":0,"closs":0,"loss":0,"om":821,"stn":11,"fc":0,"slat":43.3,"slon":-89.93,"elat":43.3,"elon":-89.93,"OBJECTID":49155}},{"type":"Feature","id":49175,"geometry":null,"properties":{"st":"WI","stf":55,"Date_Calc":"Sat, 26 Aug 2006 04:00:00 GMT","yr":2006,"mo":8,"dy":26,"date":"2006-08-26","time":"17:33:00","tz":3,"mag":0,"wid":20,"len":0.1,"fat":0,"inj":0,"closs":0,"loss":0,"om":841,"stn":12,"fc":0,"slat":42.55,"slon":-88.95,"elat":42.55,"elon":-88.95,"OBJECTID":49175}},{"type":"Feature","id":49283,"geometry":null,"properties":{"st":"WI","stf":55,"Date_Calc":"Sat, 23 Sep 2006 04:00:00 GMT","yr":2006,"mo":9,"dy":23,"date":"2006-09-23","time":"13:34:00","tz":3,"mag":0,"wid":25,"len":0.1,"fat":0,"inj":0,"closs":0,"loss":0,"om":934,"stn":13,"fc":0,"slat":45.02,"slon":-92.62,"elat":45.02,"elon":-92.62,"OBJECTID":49283}},{"type":"Feature","id":49382,"geometry":null,"properties":{"st":"WI","stf":55,"Date_Calc":"Mon, 08 Oct 2007 04:00:00 GMT","yr":2007,"mo":10,"dy":8,"date":"2007-10-08","time":"09:55:00","tz":3,"mag":0,"wid":10,"len":0.1,"fat":0,"inj":0,"closs":0,"loss":0,"om":1002,"stn":18,"fc":0,"slat":45.88,"slon":-90.42,"elat":45.88,"elon":-90.42,"OBJECTID":49382}},{"type":"Feature","id":49605,"geometry":null,"properties":{"st":"WI","stf":55,"Date_Calc":"Sat, 31 Mar 2007 04:00:00 GMT","yr":2007,"mo":3,"dy":31,"date":"2007-03-31","time":"17:18:00","tz":3,"mag":0,"wid":50,"len":0.25,"fat":0,"inj":0,"closs":0,"loss":0.008,"om":243,"stn":1,"fc":0,"slat":42.69,"slon":-90.68,"elat":42.69,"elon":-90.68,"OBJECTID":49605}},{"type":"Feature","id":49869,"geometry":{"type":"LineString","coordinates":[[-92.4900000002707,45.5100000000237],[-92.4800000003419,45.5199999999146]]},"properties":{"st":"WI","stf":55,"Date_Calc":"Sat, 26 May 2007 04:00:00 GMT","yr":2007,"mo":5,"dy":26,"date":"2007-05-26","time":"15:44:00","tz":3,"mag":0,"wid":20,"len":1,"fat":0,"inj":0,"closs":0,"loss":0,"om":640,"stn":2,"fc":0,"slat":45.51,"slon":-92.49,"elat":45.52,"elon":-92.48,"OBJECTID":49869}},{"type":"Feature","id":49870,"geometry":null,"properties":{"st":"WI","stf":55,"Date_Calc":"Sat, 26 May 2007 04:00:00 GMT","yr":2007,"mo":5,"dy":26,"date":"2007-05-26","time":"17:15:00","tz":3,"mag":0,"wid":40,"len":0.3,"fat":0,"inj":0,"closs":0,"loss":0,"om":641,"stn":3,"fc":0,"slat":42.62,"slon":-90.46,"elat":42.62,"elon":-90.46,"OBJECTID":49870}},{"type":"Feature","id":50149,"geometry":null,"properties":{"st":"WI","stf":55,"Date_Calc":"Fri, 01 Jun 2007 04:00:00 GMT","yr":2007,"mo":6,"dy":1,"date":"2007-06-01","time":"14:17:00","tz":3,"mag":0,"wid":20,"len":0.1,"fat":0,"inj":0,"closs":0,"loss":0,"om":668,"stn":4,"fc":0,"slat":42.52,"slon":-90.22,"elat":42.52,"elon":-90.22,"OBJECTID":50149}},{"type":"Feature","id":50150,"geometry":null,"properties":{"st":"WI","stf":55,"Date_Calc":"Fri, 01 Jun 2007 04:00:00 GMT","yr":2007,"mo":6,"dy":1,"date":"2007-06-01","time":"14:31:00","tz":3,"mag":0,"wid":30,"len":0.23,"fat":0,"inj":0,"closs":0,"loss":0,"om":669,"stn":5,"fc":0,"slat":42.58,"slon":-90.17,"elat":42.58,"elon":-90.17,"OBJECTID":50150}},{"type":"Feature","id":50154,"geometry":null,"properties":{"st":"WI","stf":55,"Date_Calc":"Sat, 02 Jun 2007 04:00:00 GMT","yr":2007,"mo":6,"dy":2,"date":"2007-06-02","time":"13:19:00","tz":3,"mag":0,"wid":15,"len":0.01,"fat":0,"inj":0,"closs":0,"loss":0,"om":673,"stn":6,"fc":0,"slat":43.29,"slon":-88.19,"elat":43.29,"elon":-88.19,"OBJECTID":50154}},{"type":"Feature","id":50165,"geometry":null,"properties":{"st":"WI","stf":55,"Date_Calc":"Sun, 03 Jun 2007 04:00:00 GMT","yr":2007,"mo":6,"dy":3,"date":"2007-06-03","time":"13:10:00","tz":3,"mag":1,"wid":50,"len":0.45,"fat":0,"inj":0,"closs":0,"loss":0.025,"om":684,"stn":7,"fc":0,"slat":43.34,"slon":-88.07,"elat":43.34,"elon":-88.07,"OBJECTID":50165}},{"type":"Feature","id":50167,"geometry":null,"properties":{"st":"WI","stf":55,"Date_Calc":"Sun, 03 Jun 2007 04:00:00 GMT","yr":2007,"mo":6,"dy":3,"date":"2007-06-03","time":"14:22:00","tz":3,"mag":0,"wid":30,"len":0.25,"fat":0,"inj":0,"closs":0.002,"loss":0.001,"om":686,"stn":8,"fc":0,"slat":42.66,"slon":-90.69,"elat":42.66,"elon":-90.69,"OBJECTID":50167}},{"type":"Feature","id":50169,"geometry":null,"properties":{"st":"WI","stf":55,"Date_Calc":"Sun, 03 Jun 2007 04:00:00 GMT","yr":2007,"mo":6,"dy":3,"date":"2007-06-03","time":"14:30:00","tz":3,"mag":0,"wid":20,"len":0.2,"fat":0,"inj":0,"closs":0,"loss":0.001,"om":688,"stn":9,"fc":0,"slat":42.68,"slon":-90.72,"elat":42.68,"elon":-90.72,"OBJECTID":50169}},{"type":"Feature","id":50170,"geometry":null,"properties":{"st":"WI","stf":55,"Date_Calc":"Sun, 03 Jun 2007 04:00:00 GMT","yr":2007,"mo":6,"dy":3,"date":"2007-06-03","time":"14:40:00","tz":3,"mag":0,"wid":30,"len":0.25,"fat":0,"inj":0,"closs":0.001,"loss":0,"om":689,"stn":10,"fc":0,"slat":42.65,"slon":-90.68,"elat":42.65,"elon":-90.68,"OBJECTID":50170}},{"type":"Feature","id":50176,"geometry":null,"properties":{"st":"WI","stf":55,"Date_Calc":"Sun, 03 Jun 2007 04:00:00 GMT","yr":2007,"mo":6,"dy":3,"date":"2007-06-03","time":"18:11:00","tz":3,"mag":0,"wid":10,"len":0.1,"fat":0,"inj":0,"closs":0,"loss":0,"om":695,"stn":11,"fc":0,"slat":44.76,"slon":-88.57,"elat":44.76,"elon":-88.57,"OBJECTID":50176}},{"type":"Feature","id":50189,"geometry":{"type":"LineString","coordinates":[[-89.4800000001606,44.7799999997947],[-89.3500000001887,44.8299999998061]]},"properties":{"st":"WI","stf":55,"Date_Calc":"Thu, 07 Jun 2007 04:00:00 GMT","yr":2007,"mo":6,"dy":7,"date":"2007-06-07","time":"15:01:00","tz":3,"mag":2,"wid":225,"len":7.3,"fat":0,"inj":0,"closs":0,"loss":0.343,"om":708,"stn":12,"fc":0,"slat":44.78,"slon":-89.48,"elat":44.83,"elon":-89.35,"OBJECTID":50189}},{"type":"Feature","id":50191,"geometry":null,"properties":{"st":"WI","stf":55,"Date_Calc":"Thu, 07 Jun 2007 04:00:00 GMT","yr":2007,"mo":6,"dy":7,"date":"2007-06-07","time":"15:26:00","tz":3,"mag":0,"wid":40,"len":0.04,"fat":0,"inj":0,"closs":0,"loss":0,"om":710,"stn":13,"fc":0,"slat":44.37,"slon":-89.87,"elat":44.37,"elon":-89.87,"OBJECTID":50191}},{"type":"Feature","id":50192,"geometry":{"type":"LineString","coordinates":[[-88.9999999999879,45.0099999997739],[-88.3100000004133,45.330000000311]]},"properties":{"st":"WI","stf":55,"Date_Calc":"Thu, 07 Jun 2007 04:00:00 GMT","yr":2007,"mo":6,"dy":7,"date":"2007-06-07","time":"15:31:00","tz":3,"mag":3,"wid":1320,"len":40,"fat":0,"inj":3,"closs":0,"loss":15.401,"om":711,"stn":14,"fc":0,"slat":45.01,"slon":-89,"elat":45.33,"elon":-88.31,"OBJECTID":50192}},{"type":"Feature","id":50193,"geometry":{"type":"LineString","coordinates":[[-87.9899999999987,45.4499999998535],[-87.9300000004263,45.4700000000423]]},"properties":{"st":"WI","stf":55,"Date_Calc":"Thu, 07 Jun 2007 04:00:00 GMT","yr":2007,"mo":6,"dy":7,"date":"2007-06-07","time":"16:37:00","tz":3,"mag":1,"wid":200,"len":3,"fat":0,"inj":0,"closs":0,"loss":0.012,"om":712,"stn":15,"fc":0,"slat":45.45,"slon":-87.99,"elat":45.47,"elon":-87.93,"OBJECTID":50193}},{"type":"Feature","id":50195,"geometry":{"type":"LineString","coordinates":[[-87.889999999813,45.10000000006],[-87.8200000003119,45.1199999998695]]},"properties":{"st":"WI","stf":55,"Date_Calc":"Thu, 07 Jun 2007 04:00:00 GMT","yr":2007,"mo":6,"dy":7,"date":"2007-06-07","time":"17:16:00","tz":3,"mag":1,"wid":200,"len":3.6,"fat":0,"inj":1,"closs":0,"loss":0.008,"om":714,"stn":16,"fc":0,"slat":45.1,"slon":-87.89,"elat":45.12,"elon":-87.82,"OBJECTID":50195}},{"type":"Feature","id":50363,"geometry":null,"properties":{"st":"WI","stf":55,"Date_Calc":"Thu, 27 Sep 2007 04:00:00 GMT","yr":2007,"mo":9,"dy":27,"date":"2007-09-27","time":"14:49:00","tz":3,"mag":0,"wid":20,"len":0.25,"fat":0,"inj":0,"closs":0.001,"loss":0.001,"om":975,"stn":17,"fc":0,"slat":42.77,"slon":-88,"elat":42.77,"elon":-88,"OBJECTID":50363}},{"type":"Feature","id":50506,"geometry":{"type":"LineString","coordinates":[[-88.3300000002708,42.5499999999321],[-88.1399999998281,42.6000000001495]]},"properties":{"st":"WI","stf":55,"Date_Calc":"Mon, 07 Jan 2008 05:00:00 GMT","yr":2008,"mo":1,"dy":7,"date":"2008-01-07","time":"16:02:00","tz":3,"mag":3,"wid":200,"len":10.78,"fat":0,"inj":5,"closs":0,"loss":13.81,"om":5,"stn":0,"fc":0,"slat":42.55,"slon":-88.33,"elat":42.6,"elon":-88.14,"OBJECTID":50506}},{"type":"Feature","id":50507,"geometry":{"type":"LineString","coordinates":[[-87.8699999999555,42.6199999996927],[-87.8200000003119,42.6299999999604]]},"properties":{"st":"WI","stf":55,"Date_Calc":"Mon, 07 Jan 2008 05:00:00 GMT","yr":2008,"mo":1,"dy":7,"date":"2008-01-07","time":"16:39:00","tz":3,"mag":1,"wid":75,"len":2.48,"fat":0,"inj":0,"closs":0,"loss":7.93,"om":6,"stn":0,"fc":0,"slat":42.62,"slon":-87.87,"elat":42.63,"elon":-87.82,"OBJECTID":50507}},{"type":"Feature","id":50947,"geometry":{"type":"LineString","coordinates":[[-89.4199999996899,43.4599999997359],[-89.0700000003874,43.6299999998462]]},"properties":{"st":"WI","stf":55,"Date_Calc":"Fri, 25 Apr 2008 04:00:00 GMT","yr":2008,"mo":4,"dy":25,"date":"2008-04-25","time":"16:18:00","tz":3,"mag":1,"wid":75,"len":21.09,"fat":0,"inj":0,"closs":0,"loss":0.6,"om":528,"stn":0,"fc":0,"slat":43.46,"slon":-89.42,"elat":43.63,"elon":-89.07,"OBJECTID":50947}},{"type":"Feature","id":50948,"geometry":null,"properties":{"st":"WI","stf":55,"Date_Calc":"Fri, 25 Apr 2008 04:00:00 GMT","yr":2008,"mo":4,"dy":25,"date":"2008-04-25","time":"16:20:00","tz":3,"mag":0,"wid":25,"len":0.24,"fat":0,"inj":0,"closs":0,"loss":0,"om":529,"stn":0,"fc":0,"slat":43.48,"slon":-89.37,"elat":43.48,"elon":-89.37,"OBJECTID":50948}},{"type":"Feature","id":50949,"geometry":{"type":"LineString","coordinates":[[-89.0700000003874,43.6299999998462],[-88.9600000002729,43.700000000245]]},"properties":{"st":"WI","stf":55,"Date_Calc":"Fri, 25 Apr 2008 04:00:00 GMT","yr":2008,"mo":4,"dy":25,"date":"2008-04-25","time":"16:44:00","tz":3,"mag":0,"wid":30,"len":7.08,"fat":0,"inj":0,"closs":0,"loss":0,"om":530,"stn":0,"fc":0,"slat":43.63,"slon":-89.07,"elat":43.7,"elon":-88.96,"OBJECTID":50949}},{"type":"Feature","id":51285,"geometry":{"type":"LineString","coordinates":[[-92.1300000001411,45.1900000001343],[-92.0599999997416,45.2099999996933]]},"properties":{"st":"WI","stf":55,"Date_Calc":"Sun, 25 May 2008 04:00:00 GMT","yr":2008,"mo":5,"dy":25,"date":"2008-05-25","time":"16:55:00","tz":3,"mag":0,"wid":50,"len":3.51,"fat":0,"inj":0,"closs":0,"loss":0.2,"om":922,"stn":0,"fc":0,"slat":45.19,"slon":-92.13,"elat":45.21,"elon":-92.06,"OBJECTID":51285}},{"type":"Feature","id":51295,"geometry":null,"properties":{"st":"WI","stf":55,"Date_Calc":"Sun, 25 May 2008 04:00:00 GMT","yr":2008,"mo":5,"dy":25,"date":"2008-05-25","time":"20:00:00","tz":3,"mag":0,"wid":10,"len":0.05,"fat":0,"inj":0,"closs":0,"loss":0,"om":932,"stn":0,"fc":0,"slat":44.74,"slon":-89.63,"elat":44.74,"elon":-89.63,"OBJECTID":51295}},{"type":"Feature","id":51525,"geometry":{"type":"LineString","coordinates":[[-90.5100000000073,42.8399999999938],[-90.5099000004482,42.8401000002748]]},"properties":{"st":"WI","stf":55,"Date_Calc":"Thu, 12 Jun 2008 04:00:00 GMT","yr":2008,"mo":6,"dy":12,"date":"2008-06-12","time":"13:29:00","tz":3,"mag":0,"wid":50,"len":0.25,"fat":0,"inj":0,"closs":0.01,"loss":0.003,"om":1207,"stn":0,"fc":0,"slat":42.84,"slon":-90.51,"elat":42.840100000000007,"elon":-90.5099,"OBJECTID":51525}},{"type":"Feature","id":51528,"geometry":{"type":"LineString","coordinates":[[-89.1200000000311,43.5599999998426],[-89.0199999998454,43.5599999998426]]},"properties":{"st":"WI","stf":55,"Date_Calc":"Thu, 12 Jun 2008 04:00:00 GMT","yr":2008,"mo":6,"dy":12,"date":"2008-06-12","time":"15:34:00","tz":3,"mag":0,"wid":50,"len":5.34,"fat":0,"inj":0,"closs":0,"loss":0,"om":1210,"stn":0,"fc":0,"slat":43.56,"slon":-89.12,"elat":43.56,"elon":-89.02,"OBJECTID":51528}},{"type":"Feature","id":51529,"geometry":{"type":"LineString","coordinates":[[-89.0399999997029,43.669999999957],[-89.0299999997741,43.669999999957]]},"properties":{"st":"WI","stf":55,"Date_Calc":"Thu, 12 Jun 2008 04:00:00 GMT","yr":2008,"mo":6,"dy":12,"date":"2008-06-12","time":"15:42:00","tz":3,"mag":0,"wid":20,"len":0.24,"fat":0,"inj":0,"closs":0,"loss":0,"om":1211,"stn":0,"fc":0,"slat":43.67,"slon":-89.04,"elat":43.67,"elon":-89.03,"OBJECTID":51529}},{"type":"Feature","id":51531,"geometry":{"type":"LineString","coordinates":[[-89.7899999997482,42.7000000000986],[-89.7699999998907,42.7200000002502]]},"properties":{"st":"WI","stf":55,"Date_Calc":"Thu, 12 Jun 2008 04:00:00 GMT","yr":2008,"mo":6,"dy":12,"date":"2008-06-12","time":"16:01:00","tz":3,"mag":1,"wid":50,"len":1.61,"fat":0,"inj":0,"closs":0,"loss":0,"om":1213,"stn":0,"fc":0,"slat":42.7,"slon":-89.79,"elat":42.72,"elon":-89.77,"OBJECTID":51531}},{"type":"Feature","id":51532,"geometry":{"type":"LineString","coordinates":[[-89.6899999995625,42.8000000000613],[-89.5000000000181,42.9000000000509]]},"properties":{"st":"WI","stf":55,"Date_Calc":"Thu, 12 Jun 2008 04:00:00 GMT","yr":2008,"mo":6,"dy":12,"date":"2008-06-12","time":"16:15:00","tz":3,"mag":1,"wid":100,"len":12.25,"fat":0,"inj":0,"closs":0,"loss":0,"om":1214,"stn":0,"fc":0,"slat":42.8,"slon":-89.69,"elat":42.9,"elon":-89.5,"OBJECTID":51532}},{"type":"Feature","id":51533,"geometry":{"type":"LineString","coordinates":[[-89.5099999999468,42.7700000000429],[-89.4800000001606,42.780000000238]]},"properties":{"st":"WI","stf":55,"Date_Calc":"Thu, 12 Jun 2008 04:00:00 GMT","yr":2008,"mo":6,"dy":12,"date":"2008-06-12","time":"16:30:00","tz":3,"mag":0,"wid":50,"len":1.28,"fat":0,"inj":0,"closs":0,"loss":0,"om":1215,"stn":0,"fc":0,"slat":42.77,"slon":-89.51,"elat":42.78,"elon":-89.48,"OBJECTID":51533}},{"type":"Feature","id":51536,"geometry":{"type":"LineString","coordinates":[[-89.1399999998886,42.9300000000991],[-89.1100000001023,42.9500000001372]]},"properties":{"st":"WI","stf":55,"Date_Calc":"Thu, 12 Jun 2008 04:00:00 GMT","yr":2008,"mo":6,"dy":12,"date":"2008-06-12","time":"17:19:00","tz":3,"mag":0,"wid":50,"len":2.56,"fat":0,"inj":0,"closs":0,"loss":0,"om":1218,"stn":0,"fc":0,"slat":42.93,"slon":-89.14,"elat":42.95,"elon":-89.11,"OBJECTID":51536}},{"type":"Feature","id":51537,"geometry":{"type":"LineString","coordinates":[[-88.5299999997439,43.4699999998204],[-88.5199999998151,43.4699999998204]]},"properties":{"st":"WI","stf":55,"Date_Calc":"Thu, 12 Jun 2008 04:00:00 GMT","yr":2008,"mo":6,"dy":12,"date":"2008-06-12","time":"17:25:00","tz":3,"mag":0,"wid":20,"len":0.09,"fat":0,"inj":0,"closs":0,"loss":0,"om":1219,"stn":0,"fc":0,"slat":43.47,"slon":-88.53,"elat":43.47,"elon":-88.52,"OBJECTID":51537}},{"type":"Feature","id":51728,"geometry":{"type":"LineString","coordinates":[[-88.1399999998281,42.7200000002502],[-88.0800000002557,42.7499999999195]]},"properties":{"st":"WI","stf":55,"Date_Calc":"Fri, 06 Jun 2008 04:00:00 GMT","yr":2008,"mo":6,"dy":6,"date":"2008-06-06","time":"13:58:00","tz":3,"mag":0,"wid":50,"len":3.37,"fat":0,"inj":0,"closs":0,"loss":0.02,"om":1118,"stn":0,"fc":0,"slat":42.72,"slon":-88.14,"elat":42.75,"elon":-88.08,"OBJECTID":51728}},{"type":"Feature","id":51733,"geometry":{"type":"LineString","coordinates":[[-90.899999999923,43.0599999996839],[-90.8899999999943,43.0599999996839]]},"properties":{"st":"WI","stf":55,"Date_Calc":"Sat, 07 Jun 2008 04:00:00 GMT","yr":2008,"mo":6,"dy":7,"date":"2008-06-07","time":"12:52:00","tz":3,"mag":0,"wid":30,"len":0.1,"fat":0,"inj":0,"closs":0,"loss":0.001,"om":1123,"stn":0,"fc":0,"slat":43.06,"slon":-90.9,"elat":43.06,"elon":-90.89,"OBJECTID":51733}},{"type":"Feature","id":51734,"geometry":{"type":"LineString","coordinates":[[-89.6100000001325,43.6899999999466],[-89.5599999995905,43.669999999957]]},"properties":{"st":"WI","stf":55,"Date_Calc":"Sat, 07 Jun 2008 04:00:00 GMT","yr":2008,"mo":6,"dy":7,"date":"2008-06-07","time":"12:57:00","tz":3,"mag":1,"wid":100,"len":5.11,"fat":0,"inj":0,"closs":0.05,"loss":0.302,"om":1124,"stn":0,"fc":0,"slat":43.69,"slon":-89.61,"elat":43.67,"elon":-89.56,"OBJECTID":51734}},{"type":"Feature","id":51735,"geometry":{"type":"LineString","coordinates":[[-89.2599999999317,43.5299999999656],[-89.1000000001736,43.4999999998741]]},"properties":{"st":"WI","stf":55,"Date_Calc":"Sat, 07 Jun 2008 04:00:00 GMT","yr":2008,"mo":6,"dy":7,"date":"2008-06-07","time":"13:32:00","tz":3,"mag":2,"wid":3520,"len":8.63,"fat":0,"inj":6,"closs":0.5,"loss":2.5,"om":1125,"stn":0,"fc":0,"slat":43.53,"slon":-89.26,"elat":43.5,"elon":-89.1,"OBJECTID":51735}},{"type":"Feature","id":51736,"geometry":{"type":"LineString","coordinates":[[-89.0199999998454,43.4099999999738],[-88.9800000001304,43.4000000001078]]},"properties":{"st":"WI","stf":55,"Date_Calc":"Sat, 07 Jun 2008 04:00:00 GMT","yr":2008,"mo":6,"dy":7,"date":"2008-06-07","time":"14:05:00","tz":3,"mag":0,"wid":25,"len":2.18,"fat":0,"inj":0,"closs":0,"loss":0,"om":1126,"stn":0,"fc":0,"slat":43.41,"slon":-89.02,"elat":43.4,"elon":-88.98,"OBJECTID":51736}},{"type":"Feature","id":51737,"geometry":{"type":"LineString","coordinates":[[-89.0199999998454,43.4900000000902],[-88.9600000002729,43.5099999998074]]},"properties":{"st":"WI","stf":55,"Date_Calc":"Sat, 07 Jun 2008 04:00:00 GMT","yr":2008,"mo":6,"dy":7,"date":"2008-06-07","time":"14:08:00","tz":3,"mag":1,"wid":75,"len":2.88,"fat":0,"inj":0,"closs":0.1,"loss":0.2,"om":1127,"stn":0,"fc":0,"slat":43.49,"slon":-89.02,"elat":43.51,"elon":-88.96,"OBJECTID":51737}},{"type":"Feature","id":51738,"geometry":{"type":"LineString","coordinates":[[-90.0800000003765,43.2599999997968],[-90.0700000004478,43.2599999997968]]},"properties":{"st":"WI","stf":55,"Date_Calc":"Sat, 07 Jun 2008 04:00:00 GMT","yr":2008,"mo":6,"dy":7,"date":"2008-06-07","time":"14:16:00","tz":3,"mag":0,"wid":25,"len":0.38,"fat":0,"inj":0,"closs":0,"loss":0,"om":1128,"stn":0,"fc":0,"slat":43.26,"slon":-90.08,"elat":43.26,"elon":-90.07,"OBJECTID":51738}},{"type":"Feature","id":51739,"geometry":{"type":"LineString","coordinates":[[-89.159999999746,43.0899999998055],[-89.1499999998173,43.0899999998055]]},"properties":{"st":"WI","stf":55,"Date_Calc":"Sat, 07 Jun 2008 04:00:00 GMT","yr":2008,"mo":6,"dy":7,"date":"2008-06-07","time":"14:25:00","tz":3,"mag":0,"wid":25,"len":0.45,"fat":0,"inj":0,"closs":0,"loss":0,"om":1129,"stn":0,"fc":0,"slat":43.09,"slon":-89.16,"elat":43.09,"elon":-89.15,"OBJECTID":51739}},{"type":"Feature","id":51740,"geometry":{"type":"LineString","coordinates":[[-89.2599999999317,43.2100000001646],[-89.250000000003,43.2100000001646]]},"properties":{"st":"WI","stf":55,"Date_Calc":"Sat, 07 Jun 2008 04:00:00 GMT","yr":2008,"mo":6,"dy":7,"date":"2008-06-07","time":"14:38:00","tz":3,"mag":0,"wid":25,"len":0.21,"fat":0,"inj":0,"closs":0,"loss":0,"om":1130,"stn":0,"fc":0,"slat":43.21,"slon":-89.26,"elat":43.21,"elon":-89.25,"OBJECTID":51740}},{"type":"Feature","id":51742,"geometry":null,"properties":{"st":"WI","stf":55,"Date_Calc":"Sat, 07 Jun 2008 04:00:00 GMT","yr":2008,"mo":6,"dy":7,"date":"2008-06-07","time":"14:49:00","tz":3,"mag":0,"wid":50,"len":0.14,"fat":0,"inj":0,"closs":0,"loss":0,"om":1132,"stn":0,"fc":0,"slat":43.08,"slon":-88.84,"elat":43.08,"elon":-88.84,"OBJECTID":51742}},{"type":"Feature","id":51747,"geometry":{"type":"LineString","coordinates":[[-89.250000000003,42.9199999999081],[-89.2000000003593,42.9600000002926]]},"properties":{"st":"WI","stf":55,"Date_Calc":"Sat, 07 Jun 2008 04:00:00 GMT","yr":2008,"mo":6,"dy":7,"date":"2008-06-07","time":"15:40:00","tz":3,"mag":1,"wid":150,"len":3.83,"fat":0,"inj":0,"closs":0,"loss":0.429,"om":1137,"stn":0,"fc":0,"slat":42.92,"slon":-89.25,"elat":42.96,"elon":-89.2,"OBJECTID":51747}},{"type":"Feature","id":51752,"geometry":{"type":"LineString","coordinates":[[-88.4800000001002,42.8600000000368],[-88.4700000001715,42.8600000000368]]},"properties":{"st":"WI","stf":55,"Date_Calc":"Sat, 07 Jun 2008 04:00:00 GMT","yr":2008,"mo":6,"dy":7,"date":"2008-06-07","time":"16:37:00","tz":3,"mag":0,"wid":20,"len":0.12,"fat":0,"inj":0,"closs":0,"loss":0,"om":1142,"stn":0,"fc":0,"slat":42.86,"slon":-88.48,"elat":42.86,"elon":-88.47,"OBJECTID":51752}},{"type":"Feature","id":51754,"geometry":{"type":"LineString","coordinates":[[-91.0699999996099,43.8399999996952],[-90.9499999995667,43.8299999998375]]},"properties":{"st":"WI","stf":55,"Date_Calc":"Sat, 07 Jun 2008 04:00:00 GMT","yr":2008,"mo":6,"dy":7,"date":"2008-06-07","time":"16:45:00","tz":3,"mag":1,"wid":200,"len":6,"fat":0,"inj":0,"closs":0.01,"loss":0.093,"om":1144,"stn":0,"fc":0,"slat":43.84,"slon":-91.07,"elat":43.83,"elon":-90.95,"OBJECTID":51754}},{"type":"Feature","id":51755,"geometry":{"type":"LineString","coordinates":[[-90.9099999998518,43.4800000000054],[-90.899999999923,43.4800000000054]]},"properties":{"st":"WI","stf":55,"Date_Calc":"Sat, 07 Jun 2008 04:00:00 GMT","yr":2008,"mo":6,"dy":7,"date":"2008-06-07","time":"16:48:00","tz":3,"mag":0,"wid":50,"len":0.39,"fat":0,"inj":0,"closs":0.01,"loss":0.015,"om":1145,"stn":0,"fc":0,"slat":43.48,"slon":-90.91,"elat":43.48,"elon":-90.9,"OBJECTID":51755}},{"type":"Feature","id":51779,"geometry":{"type":"LineString","coordinates":[[-89.2200000002168,43.6500000002315],[-89.1900000004306,43.6500000002315]]},"properties":{"st":"WI","stf":55,"Date_Calc":"Thu, 10 Jul 2008 04:00:00 GMT","yr":2008,"mo":7,"dy":10,"date":"2008-07-10","time":"16:33:00","tz":3,"mag":1,"wid":50,"len":1.15,"fat":0,"inj":0,"closs":0,"loss":0.15,"om":1334,"stn":0,"fc":0,"slat":43.65,"slon":-89.22,"elat":43.65,"elon":-89.19,"OBJECTID":51779}},{"type":"Feature","id":51780,"geometry":{"type":"LineString","coordinates":[[-88.8200000003723,43.6099999998196],[-88.7999999996165,43.6099999998196]]},"properties":{"st":"WI","stf":55,"Date_Calc":"Thu, 10 Jul 2008 04:00:00 GMT","yr":2008,"mo":7,"dy":10,"date":"2008-07-10","time":"17:00:00","tz":3,"mag":1,"wid":50,"len":1.02,"fat":0,"inj":0,"closs":0,"loss":0.02,"om":1335,"stn":0,"fc":0,"slat":43.61,"slon":-88.82,"elat":43.61,"elon":-88.8,"OBJECTID":51780}},{"type":"Feature","id":51793,"geometry":{"type":"LineString","coordinates":[[-92.3227000003579,45.3200000000591],[-92.3205999997351,45.3200000000591]]},"properties":{"st":"WI","stf":55,"Date_Calc":"Fri, 11 Jul 2008 04:00:00 GMT","yr":2008,"mo":7,"dy":11,"date":"2008-07-11","time":"19:51:00","tz":3,"mag":0,"wid":25,"len":0.1,"fat":0,"inj":0,"closs":0,"loss":0,"om":1691,"stn":0,"fc":0,"slat":45.32,"slon":-92.3227,"elat":45.32,"elon":-92.3206,"OBJECTID":51793}},{"type":"Feature","id":51797,"geometry":{"type":"LineString","coordinates":[[-87.8400000001693,43.7699999999134],[-87.8200000003119,43.7500000002042]]},"properties":{"st":"WI","stf":55,"Date_Calc":"Wed, 16 Jul 2008 04:00:00 GMT","yr":2008,"mo":7,"dy":16,"date":"2008-07-16","time":"14:37:00","tz":3,"mag":1,"wid":75,"len":1.5,"fat":0,"inj":0,"closs":0.001,"loss":0.35,"om":1351,"stn":0,"fc":0,"slat":43.77,"slon":-87.84,"elat":43.75,"elon":-87.82,"OBJECTID":51797}},{"type":"Feature","id":51811,"geometry":{"type":"LineString","coordinates":[[-88.5199999998151,44.2199999998697],[-88.5099999998864,44.2199999998697]]},"properties":{"st":"WI","stf":55,"Date_Calc":"Sat, 19 Jul 2008 04:00:00 GMT","yr":2008,"mo":7,"dy":19,"date":"2008-07-19","time":"21:44:00","tz":3,"mag":1,"wid":40,"len":0.49,"fat":0,"inj":0,"closs":0,"loss":0.075,"om":1365,"stn":0,"fc":0,"slat":44.22,"slon":-88.52,"elat":44.22,"elon":-88.51,"OBJECTID":51811}},{"type":"Feature","id":51838,"geometry":{"type":"LineString","coordinates":[[-89.6899999995625,45.10000000006],[-89.6899000000034,45.1000999999593]]},"properties":{"st":"WI","stf":55,"Date_Calc":"Tue, 29 Jul 2008 04:00:00 GMT","yr":2008,"mo":7,"dy":29,"date":"2008-07-29","time":"15:27:00","tz":3,"mag":0,"wid":15,"len":0.1,"fat":0,"inj":0,"closs":0,"loss":0,"om":1391,"stn":0,"fc":0,"slat":45.1,"slon":-89.69,"elat":45.100100000000005,"elon":-89.6899,"OBJECTID":51838}},{"type":"Feature","id":51839,"geometry":null,"properties":{"st":"WI","stf":55,"Date_Calc":"Tue, 29 Jul 2008 04:00:00 GMT","yr":2008,"mo":7,"dy":29,"date":"2008-07-29","time":"15:59:00","tz":3,"mag":0,"wid":25,"len":0.24,"fat":0,"inj":0,"closs":0,"loss":0,"om":1392,"stn":0,"fc":0,"slat":45.12,"slon":-89.43,"elat":45.12,"elon":-89.43,"OBJECTID":51839}},{"type":"Feature","id":51840,"geometry":{"type":"LineString","coordinates":[[-90.2000000004197,44.5499999998453],[-90.1699999997352,44.5400000002444]]},"properties":{"st":"WI","stf":55,"Date_Calc":"Tue, 29 Jul 2008 04:00:00 GMT","yr":2008,"mo":7,"dy":29,"date":"2008-07-29","time":"17:44:00","tz":3,"mag":0,"wid":25,"len":1.57,"fat":0,"inj":0,"closs":0,"loss":0,"om":1393,"stn":0,"fc":0,"slat":44.55,"slon":-90.2,"elat":44.54,"elon":-90.17,"OBJECTID":51840}},{"type":"Feature","id":51854,"geometry":{"type":"LineString","coordinates":[[-88.9900000000592,43.6400000000981],[-88.9700000002017,43.6400000000981]]},"properties":{"st":"WI","stf":55,"Date_Calc":"Mon, 07 Jul 2008 04:00:00 GMT","yr":2008,"mo":7,"dy":7,"date":"2008-07-07","time":"18:04:00","tz":3,"mag":1,"wid":75,"len":1.14,"fat":0,"inj":0,"closs":0.01,"loss":0.03,"om":1314,"stn":0,"fc":0,"slat":43.64,"slon":-88.99,"elat":43.64,"elon":-88.97,"OBJECTID":51854}},{"type":"Feature","id":52494,"geometry":{"type":"LineString","coordinates":[[-90.6300000000505,42.6899999997427],[-90.6279000003259,42.6910000002691]]},"properties":{"st":"WI","stf":55,"Date_Calc":"Sun, 26 Apr 2009 04:00:00 GMT","yr":2009,"mo":4,"dy":26,"date":"2009-04-26","time":"17:45:00","tz":3,"mag":0,"wid":15,"len":0.13,"fat":0,"inj":0,"closs":0,"loss":0,"om":344,"stn":0,"fc":0,"slat":42.69,"slon":-90.63,"elat":42.691,"elon":-90.6279,"OBJECTID":52494}},{"type":"Feature","id":52909,"geometry":{"type":"LineString","coordinates":[[-90.2817999999985,43.0644000001217],[-90.273000000169,43.063100000103]]},"properties":{"st":"WI","stf":55,"Date_Calc":"Thu, 18 Jun 2009 04:00:00 GMT","yr":2009,"mo":6,"dy":18,"date":"2009-06-18","time":"22:27:00","tz":3,"mag":0,"wid":50,"len":0.46,"fat":0,"inj":0,"closs":0,"loss":0,"om":770,"stn":0,"fc":0,"slat":43.0644,"slon":-90.2818,"elat":43.0631,"elon":-90.273,"OBJECTID":52909}},{"type":"Feature","id":52910,"geometry":{"type":"LineString","coordinates":[[-87.9539000001572,42.6049999999028],[-87.9298999999689,42.6028999998313]]},"properties":{"st":"WI","stf":55,"Date_Calc":"Fri, 19 Jun 2009 04:00:00 GMT","yr":2009,"mo":6,"dy":19,"date":"2009-06-19","time":"16:42:00","tz":3,"mag":0,"wid":50,"len":1.23,"fat":0,"inj":0,"closs":0,"loss":0,"om":771,"stn":0,"fc":0,"slat":42.605,"slon":-87.9539,"elat":42.6029,"elon":-87.9299,"OBJECTID":52910}},{"type":"Feature","id":52952,"geometry":{"type":"LineString","coordinates":[[-88.9836000004282,42.7987999997756],[-88.9675000004441,42.7954000000224]]},"properties":{"st":"WI","stf":55,"Date_Calc":"Tue, 23 Jun 2009 04:00:00 GMT","yr":2009,"mo":6,"dy":23,"date":"2009-06-23","time":"19:09:00","tz":3,"mag":0,"wid":30,"len":0.84,"fat":0,"inj":0,"closs":0,"loss":0.008,"om":813,"stn":0,"fc":0,"slat":42.7988,"slon":-88.9836,"elat":42.7954,"elon":-88.9675,"OBJECTID":52952}},{"type":"Feature","id":53038,"geometry":{"type":"LineString","coordinates":[[-88.3630000003051,42.8600000000368],[-88.301399999702,42.8666999997305]]},"properties":{"st":"WI","stf":55,"Date_Calc":"Mon, 08 Jun 2009 04:00:00 GMT","yr":2009,"mo":6,"dy":8,"date":"2009-06-08","time":"14:38:00","tz":3,"mag":0,"wid":100,"len":3.15,"fat":0,"inj":0,"closs":0,"loss":0,"om":629,"stn":0,"fc":0,"slat":42.86,"slon":-88.363,"elat":42.8667,"elon":-88.3014,"OBJECTID":53038}},{"type":"Feature","id":53093,"geometry":{"type":"LineString","coordinates":[[-90.2683000002295,42.6300999997294],[-90.2166999995551,42.5995999998157]]},"properties":{"st":"WI","stf":55,"Date_Calc":"Fri, 24 Jul 2009 04:00:00 GMT","yr":2009,"mo":7,"dy":24,"date":"2009-07-24","time":"16:12:00","tz":3,"mag":0,"wid":75,"len":3.36,"fat":0,"inj":0,"closs":0.01,"loss":0.1,"om":921,"stn":0,"fc":0,"slat":42.6301,"slon":-90.2683,"elat":42.5996,"elon":-90.2167,"OBJECTID":53093}},{"type":"Feature","id":53095,"geometry":{"type":"LineString","coordinates":[[-90.3119000002421,42.5527000002359],[-90.2424000003332,42.5211999997553]]},"properties":{"st":"WI","stf":55,"Date_Calc":"Fri, 24 Jul 2009 04:00:00 GMT","yr":2009,"mo":7,"dy":24,"date":"2009-07-24","time":"17:32:00","tz":3,"mag":0,"wid":50,"len":4.16,"fat":0,"inj":0,"closs":0.01,"loss":0.05,"om":923,"stn":0,"fc":0,"slat":42.5527,"slon":-90.3119,"elat":42.5212,"elon":-90.2424,"OBJECTID":53095}},{"type":"Feature","id":53103,"geometry":{"type":"LineString","coordinates":[[-90.9299999997093,43.3699999997945],[-90.8582999996183,43.3966000000836]]},"properties":{"st":"WI","stf":55,"Date_Calc":"Mon, 27 Jul 2009 04:00:00 GMT","yr":2009,"mo":7,"dy":27,"date":"2009-07-27","time":"16:16:00","tz":3,"mag":1,"wid":75,"len":4.04,"fat":0,"inj":0,"closs":0.04,"loss":0.03,"om":931,"stn":0,"fc":0,"slat":43.37,"slon":-90.93,"elat":43.3966,"elon":-90.8583,"OBJECTID":53103}},{"type":"Feature","id":53104,"geometry":{"type":"LineString","coordinates":[[-89.3681999998973,43.7611000002985],[-89.2210000002995,43.6754999997936]]},"properties":{"st":"WI","stf":55,"Date_Calc":"Mon, 27 Jul 2009 04:00:00 GMT","yr":2009,"mo":7,"dy":27,"date":"2009-07-27","time":"16:48:00","tz":3,"mag":1,"wid":150,"len":9.56,"fat":0,"inj":0,"closs":0.012,"loss":0.01,"om":932,"stn":0,"fc":0,"slat":43.7611,"slon":-89.3682,"elat":43.6755,"elon":-89.221,"OBJECTID":53104}},{"type":"Feature","id":53107,"geometry":{"type":"LineString","coordinates":[[-89.9910000002023,42.6083999997689],[-89.98940000007,42.6076999999736]]},"properties":{"st":"WI","stf":55,"Date_Calc":"Mon, 27 Jul 2009 04:00:00 GMT","yr":2009,"mo":7,"dy":27,"date":"2009-07-27","time":"19:10:00","tz":3,"mag":0,"wid":25,"len":0.09,"fat":0,"inj":0,"closs":0,"loss":0,"om":935,"stn":0,"fc":0,"slat":42.6084,"slon":-89.991,"elat":42.6077,"elon":-89.9894,"OBJECTID":53107}},{"type":"Feature","id":53183,"geometry":{"type":"LineString","coordinates":[[-92.4150000003559,44.6770000002002],[-92.416999999623,44.679799999767]]},"properties":{"st":"WI","stf":55,"Date_Calc":"Wed, 19 Aug 2009 04:00:00 GMT","yr":2009,"mo":8,"dy":19,"date":"2009-08-19","time":"13:57:00","tz":3,"mag":0,"wid":10,"len":0.23,"fat":0,"inj":0,"closs":0.01,"loss":0,"om":1067,"stn":0,"fc":0,"slat":44.677,"slon":-92.415,"elat":44.6798,"elon":-92.417,"OBJECTID":53183}},{"type":"Feature","id":53184,"geometry":{"type":"LineString","coordinates":[[-92.6899999997437,44.9750999998476],[-92.6868999999365,44.9803000002124]]},"properties":{"st":"WI","stf":55,"Date_Calc":"Wed, 19 Aug 2009 04:00:00 GMT","yr":2009,"mo":8,"dy":19,"date":"2009-08-19","time":"14:05:00","tz":3,"mag":0,"wid":25,"len":0.39,"fat":0,"inj":0,"closs":0,"loss":0.025,"om":1066,"stn":0,"fc":0,"slat":44.9751,"slon":-92.69,"elat":44.9803,"elon":-92.6869,"OBJECTID":53184}},{"type":"Feature","id":53192,"geometry":{"type":"LineString","coordinates":[[-92.2979000001034,45.0584999999317],[-92.2991999997618,45.0789000001279]]},"properties":{"st":"WI","stf":55,"Date_Calc":"Wed, 19 Aug 2009 04:00:00 GMT","yr":2009,"mo":8,"dy":19,"date":"2009-08-19","time":"14:58:00","tz":3,"mag":0,"wid":25,"len":1.41,"fat":0,"inj":0,"closs":0,"loss":0,"om":1058,"stn":0,"fc":0,"slat":45.0585,"slon":-92.2979,"elat":45.0789,"elon":-92.2992,"OBJECTID":53192}},{"type":"Feature","id":53196,"geometry":{"type":"LineString","coordinates":[[-92.2806999995792,45.137200000252],[-92.258100000405,45.1551999999043]]},"properties":{"st":"WI","stf":55,"Date_Calc":"Wed, 19 Aug 2009 04:00:00 GMT","yr":2009,"mo":8,"dy":19,"date":"2009-08-19","time":"15:11:00","tz":3,"mag":0,"wid":25,"len":1.66,"fat":0,"inj":0,"closs":0,"loss":0,"om":1054,"stn":0,"fc":0,"slat":45.1372,"slon":-92.2807,"elat":45.1552,"elon":-92.2581,"OBJECTID":53196}},{"type":"Feature","id":53225,"geometry":{"type":"LineString","coordinates":[[-92.6750000002998,45.0383999997478],[-92.5725000003565,45.0378999999439]]},"properties":{"st":"WI","stf":55,"Date_Calc":"Sat, 08 Aug 2009 04:00:00 GMT","yr":2009,"mo":8,"dy":8,"date":"2009-08-08","time":"21:24:00","tz":3,"mag":1,"wid":450,"len":5,"fat":0,"inj":0,"closs":0,"loss":0.5,"om":1086,"stn":0,"fc":0,"slat":45.0384,"slon":-92.675,"elat":45.0379,"elon":-92.5725,"OBJECTID":53225}},{"type":"Feature","id":53226,"geometry":{"type":"LineString","coordinates":[[-92.4660999996415,45.0265000002968],[-92.459599999553,45.0268000000238]]},"properties":{"st":"WI","stf":55,"Date_Calc":"Sat, 08 Aug 2009 04:00:00 GMT","yr":2009,"mo":8,"dy":8,"date":"2009-08-08","time":"21:51:00","tz":3,"mag":0,"wid":50,"len":0.32,"fat":0,"inj":0,"closs":0,"loss":0.1,"om":1085,"stn":0,"fc":0,"slat":45.0265,"slon":-92.4661,"elat":45.0268,"elon":-92.4596,"OBJECTID":53226}},{"type":"Feature","id":53268,"geometry":{"type":"LineString","coordinates":[[-87.8995999997087,42.6637999996994],[-87.8952000002431,42.6690000002258]]},"properties":{"st":"WI","stf":55,"Date_Calc":"Tue, 26 Oct 2010 04:00:00 GMT","yr":2010,"mo":10,"dy":26,"date":"2010-10-26","time":"06:47:00","tz":3,"mag":1,"wid":100,"len":0.43,"fat":0,"inj":0,"closs":0,"loss":0.1,"om":1132,"stn":44,"fc":0,"slat":42.6638,"slon":-87.8996,"elat":42.669,"elon":-87.8952,"OBJECTID":53268}},{"type":"Feature","id":53269,"geometry":{"type":"LineString","coordinates":[[-87.8952000002431,42.6690000002258],[-87.8259999999098,42.7285000000483]]},"properties":{"st":"WI","stf":55,"Date_Calc":"Tue, 26 Oct 2010 04:00:00 GMT","yr":2010,"mo":10,"dy":26,"date":"2010-10-26","time":"06:48:00","tz":3,"mag":1,"wid":100,"len":5.4,"fat":0,"inj":2,"closs":0,"loss":1,"om":1133,"stn":45,"fc":0,"slat":42.669,"slon":-87.8952,"elat":42.7285,"elon":-87.826,"OBJECTID":53269}},{"type":"Feature","id":53350,"geometry":{"type":"LineString","coordinates":[[-88.0884000000521,42.662499999973],[-88.07450000025,42.6699999999457]]},"properties":{"st":"WI","stf":55,"Date_Calc":"Mon, 22 Nov 2010 05:00:00 GMT","yr":2010,"mo":11,"dy":22,"date":"2010-11-22","time":"16:01:00","tz":3,"mag":0,"wid":125,"len":0.87,"fat":0,"inj":0,"closs":0,"loss":0.002,"om":1205,"stn":47,"fc":0,"slat":42.6625,"slon":-88.0884,"elat":42.67,"elon":-88.0745,"OBJECTID":53350}},{"type":"Feature","id":53351,"geometry":{"type":"LineString","coordinates":[[-88.07450000025,42.6699999999457],[-87.9023000003811,42.7558999997324]]},"properties":{"st":"WI","stf":55,"Date_Calc":"Mon, 22 Nov 2010 05:00:00 GMT","yr":2010,"mo":11,"dy":22,"date":"2010-11-22","time":"16:02:00","tz":3,"mag":1,"wid":150,"len":10.57,"fat":0,"inj":2,"closs":0,"loss":2,"om":1206,"stn":48,"fc":0,"slat":42.67,"slon":-88.0745,"elat":42.7559,"elon":-87.9023,"OBJECTID":53351}},{"type":"Feature","id":53604,"geometry":{"type":"LineString","coordinates":[[-88.9129000004199,43.9244999997084],[-88.8899999998734,43.9482000000157]]},"properties":{"st":"WI","stf":55,"Date_Calc":"Fri, 30 Apr 2010 04:00:00 GMT","yr":2010,"mo":4,"dy":30,"date":"2010-04-30","time":"18:00:00","tz":3,"mag":1,"wid":100,"len":2,"fat":0,"inj":0,"closs":0,"loss":0.13,"om":186,"stn":1,"fc":0,"slat":43.9245,"slon":-88.9129,"elat":43.9482,"elon":-88.89,"OBJECTID":53604}},{"type":"Feature","id":53606,"geometry":{"type":"LineString","coordinates":[[-89.3048000000437,43.7273999999565],[-89.142000000054,43.7749999998585]]},"properties":{"st":"WI","stf":55,"Date_Calc":"Fri, 30 Apr 2010 04:00:00 GMT","yr":2010,"mo":4,"dy":30,"date":"2010-04-30","time":"18:15:00","tz":3,"mag":0,"wid":50,"len":9.12,"fat":0,"inj":0,"closs":0,"loss":0,"om":188,"stn":2,"fc":0,"slat":43.7274,"slon":-89.3048,"elat":43.775,"elon":-89.142,"OBJECTID":53606}},{"type":"Feature","id":53607,"geometry":{"type":"LineString","coordinates":[[-89.2801000002466,43.7106999997132],[-89.176000000171,43.7956000001978]]},"properties":{"st":"WI","stf":55,"Date_Calc":"Fri, 30 Apr 2010 04:00:00 GMT","yr":2010,"mo":4,"dy":30,"date":"2010-04-30","time":"18:15:00","tz":3,"mag":0,"wid":50,"len":6.33,"fat":0,"inj":0,"closs":0,"loss":0,"om":189,"stn":3,"fc":0,"slat":43.7107,"slon":-89.2801,"elat":43.7956,"elon":-89.176,"OBJECTID":53607}},{"type":"Feature","id":53936,"geometry":{"type":"LineString","coordinates":[[-88.7379999998786,44.1950000001585],[-88.7239999996191,44.1960000000914]]},"properties":{"st":"WI","stf":55,"Date_Calc":"Tue, 04 May 2010 04:00:00 GMT","yr":2010,"mo":5,"dy":4,"date":"2010-05-04","time":"18:10:00","tz":3,"mag":1,"wid":100,"len":0.7,"fat":0,"inj":0,"closs":0,"loss":0.01,"om":240,"stn":4,"fc":0,"slat":44.195,"slon":-88.738,"elat":44.196,"elon":-88.724,"OBJECTID":53936}},{"type":"Feature","id":53937,"geometry":{"type":"LineString","coordinates":[[-88.6870000001522,44.1700000002733],[-88.6259999995988,44.1910000001289]]},"properties":{"st":"WI","stf":55,"Date_Calc":"Tue, 04 May 2010 04:00:00 GMT","yr":2010,"mo":5,"dy":4,"date":"2010-05-04","time":"18:13:00","tz":3,"mag":0,"wid":100,"len":3.4,"fat":0,"inj":0,"closs":0,"loss":0.025,"om":241,"stn":5,"fc":0,"slat":44.17,"slon":-88.687,"elat":44.191,"elon":-88.626,"OBJECTID":53937}},{"type":"Feature","id":54051,"geometry":{"type":"LineString","coordinates":[[-92.7520000003799,45.8059999999628],[-92.7490000001318,45.8099999997518]]},"properties":{"st":"WI","stf":55,"Date_Calc":"Thu, 17 Jun 2010 04:00:00 GMT","yr":2010,"mo":6,"dy":17,"date":"2010-06-17","time":"20:05:00","tz":3,"mag":0,"wid":200,"len":0.31,"fat":0,"inj":0,"closs":0,"loss":0,"om":710,"stn":7,"fc":0,"slat":45.806,"slon":-92.752,"elat":45.81,"elon":-92.749,"OBJECTID":54051}},{"type":"Feature","id":54052,"geometry":{"type":"LineString","coordinates":[[-91.789999999869,44.3200000001404],[-91.7437999996413,44.3193000000554]]},"properties":{"st":"WI","stf":55,"Date_Calc":"Thu, 17 Jun 2010 04:00:00 GMT","yr":2010,"mo":6,"dy":17,"date":"2010-06-17","time":"20:57:00","tz":3,"mag":1,"wid":25,"len":2.28,"fat":0,"inj":0,"closs":0,"loss":0.008,"om":711,"stn":8,"fc":0,"slat":44.32,"slon":-91.79,"elat":44.3193,"elon":-91.7438,"OBJECTID":54052}},{"type":"Feature","id":54082,"geometry":{"type":"LineString","coordinates":[[-90.0407999998294,42.6335000000422],[-90.0004000000814,42.6454999998723]]},"properties":{"st":"WI","stf":55,"Date_Calc":"Mon, 21 Jun 2010 04:00:00 GMT","yr":2010,"mo":6,"dy":21,"date":"2010-06-21","time":"18:39:00","tz":3,"mag":1,"wid":75,"len":2.22,"fat":0,"inj":0,"closs":0,"loss":0.015,"om":741,"stn":9,"fc":0,"slat":42.6335,"slon":-90.0408,"elat":42.6455,"elon":-90.0004,"OBJECTID":54082}},{"type":"Feature","id":54083,"geometry":{"type":"LineString","coordinates":[[-89.647900000123,43.1145000003264],[-89.6450000003323,43.1155000001497]]},"properties":{"st":"WI","stf":55,"Date_Calc":"Mon, 21 Jun 2010 04:00:00 GMT","yr":2010,"mo":6,"dy":21,"date":"2010-06-21","time":"18:41:00","tz":3,"mag":1,"wid":40,"len":0.16,"fat":0,"inj":0,"closs":0,"loss":0.015,"om":742,"stn":10,"fc":0,"slat":43.1145,"slon":-89.6479,"elat":43.1155,"elon":-89.645,"OBJECTID":54083}},{"type":"Feature","id":54087,"geometry":{"type":"LineString","coordinates":[[-88.9834999999707,42.8979999998777],[-88.964500000196,42.9109999997007]]},"properties":{"st":"WI","stf":55,"Date_Calc":"Mon, 21 Jun 2010 04:00:00 GMT","yr":2010,"mo":6,"dy":21,"date":"2010-06-21","time":"19:15:00","tz":3,"mag":1,"wid":100,"len":1.32,"fat":0,"inj":0,"closs":0.01,"loss":0.62,"om":746,"stn":11,"fc":0,"slat":42.898,"slon":-88.9835,"elat":42.911,"elon":-88.9645,"OBJECTID":54087}},{"type":"Feature","id":54088,"geometry":{"type":"LineString","coordinates":[[-88.5030999997649,42.8678999997926],[-88.399999999772,42.8709999998963]]},"properties":{"st":"WI","stf":55,"Date_Calc":"Mon, 21 Jun 2010 04:00:00 GMT","yr":2010,"mo":6,"dy":21,"date":"2010-06-21","time":"20:11:00","tz":3,"mag":2,"wid":880,"len":5.22,"fat":0,"inj":15,"closs":0,"loss":20.6,"om":747,"stn":12,"fc":0,"slat":42.8679,"slon":-88.5031,"elat":42.871,"elon":-88.4,"OBJECTID":54088}},{"type":"Feature","id":54089,"geometry":{"type":"LineString","coordinates":[[-88.2147999997263,42.910200000272],[-88.0985000004383,42.9111999997448]]},"properties":{"st":"WI","stf":55,"Date_Calc":"Mon, 21 Jun 2010 04:00:00 GMT","yr":2010,"mo":6,"dy":21,"date":"2010-06-21","time":"20:36:00","tz":3,"mag":1,"wid":200,"len":5.89,"fat":0,"inj":0,"closs":0,"loss":0.43,"om":748,"stn":13,"fc":0,"slat":42.9102,"slon":-88.2148,"elat":42.9112,"elon":-88.0985,"OBJECTID":54089}},{"type":"Feature","id":54105,"geometry":{"type":"LineString","coordinates":[[-90.8286000003061,43.3360999999866],[-90.7530999999009,43.3256999999971]]},"properties":{"st":"WI","stf":55,"Date_Calc":"Wed, 23 Jun 2010 04:00:00 GMT","yr":2010,"mo":6,"dy":23,"date":"2010-06-23","time":"02:22:00","tz":3,"mag":0,"wid":25,"len":3.86,"fat":0,"inj":0,"closs":0,"loss":0.005,"om":764,"stn":14,"fc":0,"slat":43.3361,"slon":-90.8286,"elat":43.3257,"elon":-90.7531,"OBJECTID":54105}},{"type":"Feature","id":54154,"geometry":{"type":"LineString","coordinates":[[-87.9152999996597,42.703099999688],[-87.827200000009,42.6879999999129]]},"properties":{"st":"WI","stf":55,"Date_Calc":"Sun, 27 Jun 2010 04:00:00 GMT","yr":2010,"mo":6,"dy":27,"date":"2010-06-27","time":"12:20:00","tz":3,"mag":1,"wid":100,"len":4.6,"fat":0,"inj":1,"closs":0,"loss":0.075,"om":813,"stn":15,"fc":0,"slat":42.7031,"slon":-87.9153,"elat":42.688,"elon":-87.8272,"OBJECTID":54154}},{"type":"Feature","id":54285,"geometry":{"type":"LineString","coordinates":[[-92.4810000004246,44.9836999999786],[-92.4460000002249,45.010900000224]]},"properties":{"st":"WI","stf":55,"Date_Calc":"Wed, 14 Jul 2010 04:00:00 GMT","yr":2010,"mo":7,"dy":14,"date":"2010-07-14","time":"09:54:00","tz":3,"mag":1,"wid":30,"len":2.54,"fat":0,"inj":0,"closs":0,"loss":0,"om":880,"stn":17,"fc":0,"slat":44.9837,"slon":-92.481,"elat":45.0109,"elon":-92.446,"OBJECTID":54285}},{"type":"Feature","id":54289,"geometry":{"type":"LineString","coordinates":[[-92.5756000001637,44.7704999999431],[-92.2720999997663,44.8150000000427]]},"properties":{"st":"WI","stf":55,"Date_Calc":"Wed, 14 Jul 2010 04:00:00 GMT","yr":2010,"mo":7,"dy":14,"date":"2010-07-14","time":"13:54:00","tz":3,"mag":2,"wid":100,"len":15.2,"fat":0,"inj":0,"closs":0,"loss":0,"om":884,"stn":18,"fc":0,"slat":44.7705,"slon":-92.5756,"elat":44.815,"elon":-92.2721,"OBJECTID":54289}},{"type":"Feature","id":54290,"geometry":{"type":"LineString","coordinates":[[-92.0811999996983,45.0532000001982],[-92.0768999997918,45.0612000002728]]},"properties":{"st":"WI","stf":55,"Date_Calc":"Wed, 14 Jul 2010 04:00:00 GMT","yr":2010,"mo":7,"dy":14,"date":"2010-07-14","time":"14:06:00","tz":3,"mag":0,"wid":20,"len":0.59,"fat":0,"inj":0,"closs":0,"loss":0,"om":885,"stn":19,"fc":0,"slat":45.0532,"slon":-92.0812,"elat":45.0612,"elon":-92.0769,"OBJECTID":54290}},{"type":"Feature","id":54291,"geometry":{"type":"LineString","coordinates":[[-92.3458999995817,44.761099999931],[-92.2543000000908,44.8207999997222]]},"properties":{"st":"WI","stf":55,"Date_Calc":"Wed, 14 Jul 2010 04:00:00 GMT","yr":2010,"mo":7,"dy":14,"date":"2010-07-14","time":"14:08:00","tz":3,"mag":2,"wid":30,"len":6.1,"fat":0,"inj":0,"closs":0,"loss":0,"om":886,"stn":20,"fc":0,"slat":44.7611,"slon":-92.3459,"elat":44.8208,"elon":-92.2543,"OBJECTID":54291}},{"type":"Feature","id":54292,"geometry":{"type":"LineString","coordinates":[[-90.9743999997881,44.4743999997358],[-90.3543000001556,44.438899999752]]},"properties":{"st":"WI","stf":55,"Date_Calc":"Wed, 14 Jul 2010 04:00:00 GMT","yr":2010,"mo":7,"dy":14,"date":"2010-07-14","time":"15:16:00","tz":3,"mag":1,"wid":150,"len":30.77,"fat":0,"inj":0,"closs":0,"loss":0.01,"om":887,"stn":21,"fc":0,"slat":44.4744,"slon":-90.9744,"elat":44.4389,"elon":-90.3543,"OBJECTID":54292}},{"type":"Feature","id":54293,"geometry":{"type":"LineString","coordinates":[[-90.2180000001118,44.4109999998323],[-90.2129999996983,44.4100000003031]]},"properties":{"st":"WI","stf":55,"Date_Calc":"Wed, 14 Jul 2010 04:00:00 GMT","yr":2010,"mo":7,"dy":14,"date":"2010-07-14","time":"16:18:00","tz":3,"mag":0,"wid":50,"len":0.26,"fat":0,"inj":0,"closs":0,"loss":0,"om":888,"stn":22,"fc":0,"slat":44.411,"slon":-90.218,"elat":44.41,"elon":-90.213,"OBJECTID":54293}},{"type":"Feature","id":54307,"geometry":{"type":"LineString","coordinates":[[-87.822700000086,43.8419999998166],[-87.7562000004251,43.8411000000893]]},"properties":{"st":"WI","stf":55,"Date_Calc":"Sun, 18 Jul 2010 04:00:00 GMT","yr":2010,"mo":7,"dy":18,"date":"2010-07-18","time":"14:21:00","tz":3,"mag":0,"wid":50,"len":3.31,"fat":0,"inj":0,"closs":0,"loss":0,"om":902,"stn":23,"fc":0,"slat":43.842,"slon":-87.8227,"elat":43.8411,"elon":-87.7562,"OBJECTID":54307}},{"type":"Feature","id":54328,"geometry":{"type":"LineString","coordinates":[[-89.5224999996332,43.2663999997191],[-89.4924000002879,43.2633999999384]]},"properties":{"st":"WI","stf":55,"Date_Calc":"Thu, 22 Jul 2010 04:00:00 GMT","yr":2010,"mo":7,"dy":22,"date":"2010-07-22","time":"15:08:00","tz":3,"mag":1,"wid":30,"len":1.53,"fat":0,"inj":0,"closs":0.1,"loss":0.001,"om":923,"stn":24,"fc":0,"slat":43.2664,"slon":-89.5225,"elat":43.2634,"elon":-89.4924,"OBJECTID":54328}},{"type":"Feature","id":54329,"geometry":{"type":"LineString","coordinates":[[-89.0686000002716,43.2716999999177],[-89.0089000002748,43.269600000184]]},"properties":{"st":"WI","stf":55,"Date_Calc":"Thu, 22 Jul 2010 04:00:00 GMT","yr":2010,"mo":7,"dy":22,"date":"2010-07-22","time":"15:24:00","tz":3,"mag":0,"wid":30,"len":3,"fat":0,"inj":0,"closs":0.001,"loss":0,"om":924,"stn":25,"fc":0,"slat":43.2717,"slon":-89.0686,"elat":43.2696,"elon":-89.0089,"OBJECTID":54329}},{"type":"Feature","id":54331,"geometry":{"type":"LineString","coordinates":[[-89.0134999997569,43.1358999998466],[-88.9017000003919,43.1208999996866]]},"properties":{"st":"WI","stf":55,"Date_Calc":"Thu, 22 Jul 2010 04:00:00 GMT","yr":2010,"mo":7,"dy":22,"date":"2010-07-22","time":"16:10:00","tz":3,"mag":0,"wid":30,"len":5.74,"fat":0,"inj":0,"closs":0,"loss":0,"om":926,"stn":26,"fc":0,"slat":43.1359,"slon":-89.0135,"elat":43.1209,"elon":-88.9017,"OBJECTID":54331}},{"type":"Feature","id":54332,"geometry":null,"properties":{"st":"WI","stf":55,"Date_Calc":"Thu, 22 Jul 2010 04:00:00 GMT","yr":2010,"mo":7,"dy":22,"date":"2010-07-22","time":"16:35:00","tz":3,"mag":0,"wid":30,"len":0.1,"fat":0,"inj":0,"closs":0,"loss":0,"om":927,"stn":27,"fc":0,"slat":43.058,"slon":-88.6484,"elat":43.058,"elon":-88.6484,"OBJECTID":54332}},{"type":"Feature","id":54334,"geometry":{"type":"LineString","coordinates":[[-89.1617999998949,42.8883000002373],[-89.0804999999083,42.8772999997089]]},"properties":{"st":"WI","stf":55,"Date_Calc":"Thu, 22 Jul 2010 04:00:00 GMT","yr":2010,"mo":7,"dy":22,"date":"2010-07-22","time":"17:02:00","tz":3,"mag":1,"wid":75,"len":4.18,"fat":0,"inj":0,"closs":0.006,"loss":0.02,"om":929,"stn":28,"fc":0,"slat":42.8883,"slon":-89.1618,"elat":42.8773,"elon":-89.0805,"OBJECTID":54334}},{"type":"Feature","id":54335,"geometry":{"type":"LineString","coordinates":[[-88.9164000002603,42.8461999998385],[-88.8626999998614,42.8537999997603]]},"properties":{"st":"WI","stf":55,"Date_Calc":"Thu, 22 Jul 2010 04:00:00 GMT","yr":2010,"mo":7,"dy":22,"date":"2010-07-22","time":"17:22:00","tz":3,"mag":0,"wid":75,"len":2.77,"fat":0,"inj":0,"closs":0,"loss":0,"om":930,"stn":29,"fc":0,"slat":42.8462,"slon":-88.9164,"elat":42.8538,"elon":-88.8627,"OBJECTID":54335}},{"type":"Feature","id":54337,"geometry":{"type":"LineString","coordinates":[[-88.8007000001235,42.8582000002109],[-88.72390000006,42.8550000003232]]},"properties":{"st":"WI","stf":55,"Date_Calc":"Thu, 22 Jul 2010 04:00:00 GMT","yr":2010,"mo":7,"dy":22,"date":"2010-07-22","time":"17:38:00","tz":3,"mag":0,"wid":75,"len":3.9,"fat":0,"inj":0,"closs":0,"loss":0,"om":932,"stn":30,"fc":0,"slat":42.8582,"slon":-88.8007,"elat":42.855,"elon":-88.7239,"OBJECTID":54337}},{"type":"Feature","id":54338,"geometry":{"type":"LineString","coordinates":[[-89.7288000000765,42.9750000003267],[-89.7006000004391,42.9795999998196]]},"properties":{"st":"WI","stf":55,"Date_Calc":"Thu, 22 Jul 2010 04:00:00 GMT","yr":2010,"mo":7,"dy":22,"date":"2010-07-22","time":"17:52:00","tz":3,"mag":1,"wid":75,"len":1.46,"fat":0,"inj":0,"closs":0,"loss":0,"om":933,"stn":31,"fc":0,"slat":42.975,"slon":-89.7288,"elat":42.9796,"elon":-89.7006,"OBJECTID":54338}},{"type":"Feature","id":54339,"geometry":{"type":"LineString","coordinates":[[-88.200400000332,42.864700000242],[-88.1807999996092,42.8657000001848]]},"properties":{"st":"WI","stf":55,"Date_Calc":"Thu, 22 Jul 2010 04:00:00 GMT","yr":2010,"mo":7,"dy":22,"date":"2010-07-22","time":"18:02:00","tz":3,"mag":2,"wid":100,"len":1,"fat":0,"inj":0,"closs":0,"loss":0,"om":934,"stn":32,"fc":0,"slat":42.8647,"slon":-88.2004,"elat":42.8657,"elon":-88.1808,"OBJECTID":54339}},{"type":"Feature","id":54340,"geometry":{"type":"LineString","coordinates":[[-89.5224999996332,42.9782999998277],[-89.5189999997929,42.9801000001315]]},"properties":{"st":"WI","stf":55,"Date_Calc":"Thu, 22 Jul 2010 04:00:00 GMT","yr":2010,"mo":7,"dy":22,"date":"2010-07-22","time":"18:10:00","tz":3,"mag":0,"wid":30,"len":0.22,"fat":0,"inj":0,"closs":0,"loss":0,"om":935,"stn":33,"fc":0,"slat":42.9783,"slon":-89.5225,"elat":42.9801,"elon":-89.519,"OBJECTID":54340}},{"type":"Feature","id":54373,"geometry":{"type":"LineString","coordinates":[[-90.6300000000505,46.2272000001504],[-90.6106999998017,46.2255000000449]]},"properties":{"st":"WI","stf":55,"Date_Calc":"Tue, 27 Jul 2010 04:00:00 GMT","yr":2010,"mo":7,"dy":27,"date":"2010-07-27","time":"17:21:00","tz":3,"mag":2,"wid":650,"len":0.93,"fat":0,"inj":0,"closs":0,"loss":0,"om":968,"stn":34,"fc":0,"slat":46.2272,"slon":-90.63,"elat":46.2255,"elon":-90.6107,"OBJECTID":54373}},{"type":"Feature","id":54374,"geometry":{"type":"LineString","coordinates":[[-90.3800000000353,46.10000000022],[-90.3400000003204,46.10000000022]]},"properties":{"st":"WI","stf":55,"Date_Calc":"Tue, 27 Jul 2010 04:00:00 GMT","yr":2010,"mo":7,"dy":27,"date":"2010-07-27","time":"18:12:00","tz":3,"mag":0,"wid":600,"len":1.92,"fat":0,"inj":0,"closs":0,"loss":0,"om":969,"stn":35,"fc":0,"slat":46.1,"slon":-90.38,"elat":46.1,"elon":-90.34,"OBJECTID":54374}},{"type":"Feature","id":54375,"geometry":{"type":"LineString","coordinates":[[-92.4615000001593,45.4533999997994],[-92.446099999784,45.4524000001112]]},"properties":{"st":"WI","stf":55,"Date_Calc":"Tue, 27 Jul 2010 04:00:00 GMT","yr":2010,"mo":7,"dy":27,"date":"2010-07-27","time":"18:16:00","tz":3,"mag":0,"wid":200,"len":0.75,"fat":0,"inj":0,"closs":0,"loss":0.1,"om":970,"stn":36,"fc":0,"slat":45.4534,"slon":-92.4615,"elat":45.4524,"elon":-92.4461,"OBJECTID":54375}},{"type":"Feature","id":54376,"geometry":{"type":"LineString","coordinates":[[-90.2200000002772,46.0799999997724],[-90.1200000000915,46.0799999997724]]},"properties":{"st":"WI","stf":55,"Date_Calc":"Tue, 27 Jul 2010 04:00:00 GMT","yr":2010,"mo":7,"dy":27,"date":"2010-07-27","time":"18:20:00","tz":3,"mag":1,"wid":660,"len":4.79,"fat":0,"inj":3,"closs":0,"loss":0.16,"om":971,"stn":37,"fc":0,"slat":46.08,"slon":-90.22,"elat":46.08,"elon":-90.12,"OBJECTID":54376}},{"type":"Feature","id":54377,"geometry":{"type":"LineString","coordinates":[[-92.1797999997682,45.4160999998046],[-92.1121000000081,45.4067000000131]]},"properties":{"st":"WI","stf":55,"Date_Calc":"Tue, 27 Jul 2010 04:00:00 GMT","yr":2010,"mo":7,"dy":27,"date":"2010-07-27","time":"18:34:00","tz":3,"mag":1,"wid":50,"len":3.35,"fat":0,"inj":0,"closs":0,"loss":0.22,"om":972,"stn":38,"fc":0,"slat":45.4161,"slon":-92.1798,"elat":45.4067,"elon":-92.1121,"OBJECTID":54377}},{"type":"Feature","id":54378,"geometry":{"type":"LineString","coordinates":[[-91.7211000000097,45.3709999999742],[-91.6420999997641,45.336999999905]]},"properties":{"st":"WI","stf":55,"Date_Calc":"Tue, 27 Jul 2010 04:00:00 GMT","yr":2010,"mo":7,"dy":27,"date":"2010-07-27","time":"18:59:00","tz":3,"mag":1,"wid":75,"len":4.5,"fat":0,"inj":0,"closs":0,"loss":0.075,"om":973,"stn":39,"fc":0,"slat":45.371,"slon":-91.7211,"elat":45.337,"elon":-91.6421,"OBJECTID":54378}},{"type":"Feature","id":54404,"geometry":{"type":"LineString","coordinates":[[-89.1436999997454,43.5200999997737],[-89.0627000002328,43.5372999996995]]},"properties":{"st":"WI","stf":55,"Date_Calc":"Wed, 07 Jul 2010 04:00:00 GMT","yr":2010,"mo":7,"dy":7,"date":"2010-07-07","time":"17:27:00","tz":3,"mag":1,"wid":125,"len":4.23,"fat":0,"inj":0,"closs":0.001,"loss":0.1,"om":853,"stn":16,"fc":0,"slat":43.5201,"slon":-89.1437,"elat":43.5373,"elon":-89.0627,"OBJECTID":54404}},{"type":"Feature","id":54433,"geometry":{"type":"LineString","coordinates":[[-88.0780000000903,44.2965000001687],[-88.0525999997862,44.300400000229]]},"properties":{"st":"WI","stf":55,"Date_Calc":"Fri, 20 Aug 2010 04:00:00 GMT","yr":2010,"mo":8,"dy":20,"date":"2010-08-20","time":"15:20:00","tz":3,"mag":1,"wid":75,"len":1.28,"fat":0,"inj":0,"closs":0,"loss":0.1,"om":1029,"stn":42,"fc":0,"slat":44.2965,"slon":-88.078,"elat":44.3004,"elon":-88.0526,"OBJECTID":54433}},{"type":"Feature","id":54457,"geometry":{"type":"LineString","coordinates":[[-92.3757999998088,45.5813999999311],[-92.3345999999946,45.5534999999163]]},"properties":{"st":"WI","stf":55,"Date_Calc":"Sat, 07 Aug 2010 04:00:00 GMT","yr":2010,"mo":8,"dy":7,"date":"2010-08-07","time":"22:37:00","tz":3,"mag":0,"wid":100,"len":2.77,"fat":0,"inj":1,"closs":0,"loss":0.1,"om":998,"stn":40,"fc":0,"slat":45.5814,"slon":-92.3758,"elat":45.5535,"elon":-92.3346,"OBJECTID":54457}},{"type":"Feature","id":54458,"geometry":{"type":"LineString","coordinates":[[-91.9766999995896,45.5865000002994],[-91.9136999997691,45.5735999997847]]},"properties":{"st":"WI","stf":55,"Date_Calc":"Sat, 07 Aug 2010 04:00:00 GMT","yr":2010,"mo":8,"dy":7,"date":"2010-08-07","time":"22:57:00","tz":3,"mag":1,"wid":125,"len":3.18,"fat":0,"inj":0,"closs":0,"loss":0.25,"om":999,"stn":41,"fc":0,"slat":45.5865,"slon":-91.9767,"elat":45.5736,"elon":-91.9137,"OBJECTID":54458}},{"type":"Feature","id":54490,"geometry":{"type":"LineString","coordinates":[[-89.0109999999993,42.5620000002639],[-89.003000000236,42.5632000002188]]},"properties":{"st":"WI","stf":55,"Date_Calc":"Tue, 21 Sep 2010 04:00:00 GMT","yr":2010,"mo":9,"dy":21,"date":"2010-09-21","time":"15:00:00","tz":3,"mag":0,"wid":30,"len":0.42,"fat":0,"inj":0,"closs":0,"loss":0.001,"om":1080,"stn":43,"fc":0,"slat":42.562,"slon":-89.011,"elat":42.5632,"elon":-89.003,"OBJECTID":54490}},{"type":"Feature","id":54757,"geometry":{"type":"LineString","coordinates":[[-91.1899999996531,44.6299999998924],[-91.1673000000215,44.6462000000338]]},"properties":{"st":"WI","stf":55,"Date_Calc":"Sun, 10 Apr 2011 04:00:00 GMT","yr":2011,"mo":4,"dy":10,"date":"2011-04-10","time":"15:57:00","tz":3,"mag":1,"wid":200,"len":1.58,"fat":0,"inj":0,"closs":0,"loss":0.2,"om":285518,"stn":1,"fc":0,"slat":44.63,"slon":-91.19,"elat":44.6462,"elon":-91.1673,"OBJECTID":54757}},{"type":"Feature","id":54758,"geometry":{"type":"LineString","coordinates":[[-91.1400000000094,44.6899999999781],[-91.1275999998822,44.6959999998501]]},"properties":{"st":"WI","stf":55,"Date_Calc":"Sun, 10 Apr 2011 04:00:00 GMT","yr":2011,"mo":4,"dy":10,"date":"2011-04-10","time":"16:04:00","tz":3,"mag":1,"wid":150,"len":0.74,"fat":0,"inj":0,"closs":0,"loss":0.25,"om":285522,"stn":2,"fc":0,"slat":44.69,"slon":-91.14,"elat":44.696,"elon":-91.1276,"OBJECTID":54758}},{"type":"Feature","id":54759,"geometry":{"type":"LineString","coordinates":[[-89.8857999995865,45.1112999999533],[-89.5368000003667,45.2938000002653]]},"properties":{"st":"WI","stf":55,"Date_Calc":"Sun, 10 Apr 2011 04:00:00 GMT","yr":2011,"mo":4,"dy":10,"date":"2011-04-10","time":"17:08:00","tz":3,"mag":3,"wid":1050,"len":21.15,"fat":0,"inj":2,"closs":0,"loss":11.158,"om":285243,"stn":3,"fc":0,"slat":45.1113,"slon":-89.8858,"elat":45.2938,"elon":-89.5368,"OBJECTID":54759}},{"type":"Feature","id":54760,"geometry":{"type":"LineString","coordinates":[[-89.9549000003607,44.0216000003099],[-89.618399999929,44.0728000001662]]},"properties":{"st":"WI","stf":55,"Date_Calc":"Sun, 10 Apr 2011 04:00:00 GMT","yr":2011,"mo":4,"dy":10,"date":"2011-04-10","time":"17:12:00","tz":3,"mag":2,"wid":800,"len":17.08,"fat":0,"inj":0,"closs":0,"loss":3.3,"om":293736,"stn":4,"fc":0,"slat":44.0216,"slon":-89.9549,"elat":44.0728,"elon":-89.6184,"OBJECTID":54760}},{"type":"Feature","id":54761,"geometry":{"type":"LineString","coordinates":[[-90.0935999997047,43.9953999998586],[-90.0075999997786,44.0088999997655]]},"properties":{"st":"WI","stf":55,"Date_Calc":"Sun, 10 Apr 2011 04:00:00 GMT","yr":2011,"mo":4,"dy":10,"date":"2011-04-10","time":"17:14:00","tz":3,"mag":1,"wid":150,"len":4.37,"fat":0,"inj":0,"closs":0,"loss":0.03,"om":293746,"stn":5,"fc":0,"slat":43.9954,"slon":-90.0936,"elat":44.0089,"elon":-90.0076,"OBJECTID":54761}},{"type":"Feature","id":54762,"geometry":{"type":"LineString","coordinates":[[-89.618399999929,44.0753999997664],[-89.441300000104,44.1039000001048]]},"properties":{"st":"WI","stf":55,"Date_Calc":"Sun, 10 Apr 2011 04:00:00 GMT","yr":2011,"mo":4,"dy":10,"date":"2011-04-10","time":"17:30:00","tz":3,"mag":1,"wid":140,"len":11.73,"fat":0,"inj":0,"closs":0,"loss":0.601,"om":293745,"stn":6,"fc":0,"slat":44.0754,"slon":-89.6184,"elat":44.1039,"elon":-89.4413,"OBJECTID":54762}},{"type":"Feature","id":54763,"geometry":{"type":"LineString","coordinates":[[-89.3822000001569,45.349600000012],[-89.3592000000513,45.4245999998764]]},"properties":{"st":"WI","stf":55,"Date_Calc":"Sun, 10 Apr 2011 04:00:00 GMT","yr":2011,"mo":4,"dy":10,"date":"2011-04-10","time":"17:50:00","tz":3,"mag":1,"wid":400,"len":5.3,"fat":0,"inj":0,"closs":0,"loss":1,"om":285283,"stn":7,"fc":0,"slat":45.3496,"slon":-89.3822,"elat":45.4246,"elon":-89.3592,"OBJECTID":54763}},{"type":"Feature","id":54764,"geometry":{"type":"LineString","coordinates":[[-89.135600000423,44.1686999999073],[-88.6169999997527,44.3185000000155]]},"properties":{"st":"WI","stf":55,"Date_Calc":"Sun, 10 Apr 2011 04:00:00 GMT","yr":2011,"mo":4,"dy":10,"date":"2011-04-10","time":"18:06:00","tz":3,"mag":1,"wid":200,"len":27.68,"fat":0,"inj":0,"closs":0,"loss":0,"om":286812,"stn":8,"fc":0,"slat":44.1687,"slon":-89.1356,"elat":44.3185,"elon":-88.617,"OBJECTID":54764}},{"type":"Feature","id":54765,"geometry":{"type":"LineString","coordinates":[[-88.823300000196,45.6385999998139],[-88.6336000002273,45.7500999999307]]},"properties":{"st":"WI","stf":55,"Date_Calc":"Sun, 10 Apr 2011 04:00:00 GMT","yr":2011,"mo":4,"dy":10,"date":"2011-04-10","time":"18:30:00","tz":3,"mag":2,"wid":600,"len":11.97,"fat":0,"inj":0,"closs":0,"loss":0.215,"om":285272,"stn":9,"fc":0,"slat":45.6386,"slon":-88.8233,"elat":45.7501,"elon":-88.6336,"OBJECTID":54765}},{"type":"Feature","id":54766,"geometry":{"type":"LineString","coordinates":[[-89.0044999999109,44.1327000000284],[-88.71459999974,44.1909000000151]]},"properties":{"st":"WI","stf":55,"Date_Calc":"Sun, 10 Apr 2011 04:00:00 GMT","yr":2011,"mo":4,"dy":10,"date":"2011-04-10","time":"18:53:00","tz":3,"mag":1,"wid":150,"len":14.93,"fat":0,"inj":0,"closs":0,"loss":1.47,"om":285305,"stn":10,"fc":0,"slat":44.1327,"slon":-89.0045,"elat":44.1909,"elon":-88.7146,"OBJECTID":54766}},{"type":"Feature","id":54767,"geometry":{"type":"LineString","coordinates":[[-88.5252999998043,45.6499999997883],[-88.461200000342,45.6663000000158]]},"properties":{"st":"WI","stf":55,"Date_Calc":"Sun, 10 Apr 2011 04:00:00 GMT","yr":2011,"mo":4,"dy":10,"date":"2011-04-10","time":"19:03:00","tz":3,"mag":1,"wid":250,"len":3.29,"fat":0,"inj":0,"closs":0,"loss":0.05,"om":285282,"stn":11,"fc":0,"slat":45.65,"slon":-88.5253,"elat":45.6663,"elon":-88.4612,"OBJECTID":54767}},{"type":"Feature","id":54768,"geometry":{"type":"LineString","coordinates":[[-88.912999999979,43.9198000003198],[-88.8881999997246,43.9391999996806]]},"properties":{"st":"WI","stf":55,"Date_Calc":"Sun, 10 Apr 2011 04:00:00 GMT","yr":2011,"mo":4,"dy":10,"date":"2011-04-10","time":"19:27:00","tz":3,"mag":0,"wid":50,"len":1.83,"fat":0,"inj":0,"closs":0,"loss":0,"om":305512,"stn":12,"fc":0,"slat":43.9198,"slon":-88.913,"elat":43.9392,"elon":-88.8882,"OBJECTID":54768}},{"type":"Feature","id":54769,"geometry":{"type":"LineString","coordinates":[[-88.2880999999496,44.2577999998255],[-88.2701000002575,44.2757000000942]]},"properties":{"st":"WI","stf":55,"Date_Calc":"Sun, 10 Apr 2011 04:00:00 GMT","yr":2011,"mo":4,"dy":10,"date":"2011-04-10","time":"19:43:00","tz":3,"mag":2,"wid":175,"len":1.52,"fat":0,"inj":0,"closs":0,"loss":6.7,"om":285307,"stn":13,"fc":0,"slat":44.2578,"slon":-88.2881,"elat":44.2757,"elon":-88.2701,"OBJECTID":54769}},{"type":"Feature","id":54770,"geometry":{"type":"LineString","coordinates":[[-88.1098000000254,44.2850999999911],[-88.0959999997824,44.2995000001606]]},"properties":{"st":"WI","stf":55,"Date_Calc":"Sun, 10 Apr 2011 04:00:00 GMT","yr":2011,"mo":4,"dy":10,"date":"2011-04-10","time":"19:53:00","tz":3,"mag":1,"wid":75,"len":1.2,"fat":0,"inj":0,"closs":0,"loss":0.015,"om":285308,"stn":14,"fc":0,"slat":44.2851,"slon":-88.1098,"elat":44.2995,"elon":-88.096,"OBJECTID":54770}},{"type":"Feature","id":54771,"geometry":{"type":"LineString","coordinates":[[-88.3213999995595,44.0378000000526],[-88.2919000002638,44.0492999997146]]},"properties":{"st":"WI","stf":55,"Date_Calc":"Sun, 10 Apr 2011 04:00:00 GMT","yr":2011,"mo":4,"dy":10,"date":"2011-04-10","time":"19:59:00","tz":3,"mag":1,"wid":100,"len":1.67,"fat":0,"inj":0,"closs":0,"loss":0.1,"om":285309,"stn":15,"fc":0,"slat":44.0378,"slon":-88.3214,"elat":44.0493,"elon":-88.2919,"OBJECTID":54771}},{"type":"Feature","id":55583,"geometry":{"type":"LineString","coordinates":[[-90.6450000003927,45.7769999997391],[-90.619000000039,45.8210000000746]]},"properties":{"st":"WI","stf":55,"Date_Calc":"Sun, 22 May 2011 04:00:00 GMT","yr":2011,"mo":5,"dy":22,"date":"2011-05-22","time":"13:33:00","tz":3,"mag":1,"wid":600,"len":3.29,"fat":0,"inj":0,"closs":0,"loss":0.004,"om":319067,"stn":16,"fc":0,"slat":45.777,"slon":-90.645,"elat":45.821,"elon":-90.619,"OBJECTID":55583}},{"type":"Feature","id":55593,"geometry":{"type":"LineString","coordinates":[[-91.6253000001713,45.6087999997231],[-91.6086999996967,45.637900000169]]},"properties":{"st":"WI","stf":55,"Date_Calc":"Sun, 22 May 2011 04:00:00 GMT","yr":2011,"mo":5,"dy":22,"date":"2011-05-22","time":"15:00:00","tz":3,"mag":1,"wid":300,"len":1.98,"fat":0,"inj":0,"closs":0,"loss":0.2,"om":294142,"stn":17,"fc":0,"slat":45.6088,"slon":-91.6253,"elat":45.6379,"elon":-91.6087,"OBJECTID":55593}},{"type":"Feature","id":55598,"geometry":{"type":"LineString","coordinates":[[-90.9350999996819,43.8900000001512],[-90.7858999999187,43.9382999998093]]},"properties":{"st":"WI","stf":55,"Date_Calc":"Sun, 22 May 2011 04:00:00 GMT","yr":2011,"mo":5,"dy":22,"date":"2011-05-22","time":"15:47:00","tz":3,"mag":1,"wid":125,"len":8.18,"fat":0,"inj":0,"closs":0,"loss":0.92,"om":306899,"stn":19,"fc":0,"slat":43.89,"slon":-90.9351,"elat":43.9383,"elon":-90.7859,"OBJECTID":55598}},{"type":"Feature","id":55600,"geometry":{"type":"LineString","coordinates":[[-90.5656999996732,44.0428999997337],[-89.3659000001562,44.3971000001928]]},"properties":{"st":"WI","stf":55,"Date_Calc":"Sun, 22 May 2011 04:00:00 GMT","yr":2011,"mo":5,"dy":22,"date":"2011-05-22","time":"16:15:00","tz":3,"mag":2,"wid":800,"len":64.5,"fat":0,"inj":1,"closs":0,"loss":5.93,"om":307472,"stn":20,"fc":0,"slat":44.0429,"slon":-90.5657,"elat":44.3971,"elon":-89.3659,"OBJECTID":55600}},{"type":"Feature","id":55602,"geometry":{"type":"LineString","coordinates":[[-90.3999999998928,45.5380000000812],[-90.3850000004489,45.5510000000893]]},"properties":{"st":"WI","stf":55,"Date_Calc":"Sun, 22 May 2011 04:00:00 GMT","yr":2011,"mo":5,"dy":22,"date":"2011-05-22","time":"16:39:00","tz":3,"mag":0,"wid":350,"len":1.15,"fat":0,"inj":0,"closs":0,"loss":0.001,"om":319108,"stn":21,"fc":0,"slat":45.538,"slon":-90.4,"elat":45.551,"elon":-90.385,"OBJECTID":55602}},{"type":"Feature","id":55603,"geometry":{"type":"LineString","coordinates":[[-90.3329999997414,45.6080000000444],[-90.3160000001321,45.6190000003001]]},"properties":{"st":"WI","stf":55,"Date_Calc":"Sun, 22 May 2011 04:00:00 GMT","yr":2011,"mo":5,"dy":22,"date":"2011-05-22","time":"16:52:00","tz":3,"mag":0,"wid":400,"len":1.12,"fat":0,"inj":0,"closs":0,"loss":0,"om":319110,"stn":22,"fc":0,"slat":45.608,"slon":-90.333,"elat":45.619,"elon":-90.316,"OBJECTID":55603}},{"type":"Feature","id":55604,"geometry":{"type":"LineString","coordinates":[[-90.2559999996613,45.675000000125],[-90.2210000003599,45.6940000001732]]},"properties":{"st":"WI","stf":55,"Date_Calc":"Sun, 22 May 2011 04:00:00 GMT","yr":2011,"mo":5,"dy":22,"date":"2011-05-22","time":"17:01:00","tz":3,"mag":0,"wid":350,"len":2.14,"fat":0,"inj":0,"closs":0,"loss":0.005,"om":319111,"stn":23,"fc":0,"slat":45.675,"slon":-90.256,"elat":45.694,"elon":-90.221,"OBJECTID":55604}},{"type":"Feature","id":55608,"geometry":{"type":"LineString","coordinates":[[-90.0760000000457,45.8500000000276],[-90.0709999996322,45.85499999988]]},"properties":{"st":"WI","stf":55,"Date_Calc":"Sun, 22 May 2011 04:00:00 GMT","yr":2011,"mo":5,"dy":22,"date":"2011-05-22","time":"17:26:00","tz":3,"mag":0,"wid":275,"len":0.8,"fat":0,"inj":0,"closs":0,"loss":0,"om":319114,"stn":24,"fc":0,"slat":45.85,"slon":-90.076,"elat":45.855,"elon":-90.071,"OBJECTID":55608}},{"type":"Feature","id":55618,"geometry":{"type":"LineString","coordinates":[[-89.1850999995761,43.6581999999672],[-89.1799999996035,43.6619999999359]]},"properties":{"st":"WI","stf":55,"Date_Calc":"Sun, 22 May 2011 04:00:00 GMT","yr":2011,"mo":5,"dy":22,"date":"2011-05-22","time":"18:33:00","tz":3,"mag":0,"wid":30,"len":0.36,"fat":0,"inj":0,"closs":0,"loss":0.001,"om":316733,"stn":25,"fc":0,"slat":43.6582,"slon":-89.1851,"elat":43.662,"elon":-89.18,"OBJECTID":55618}},{"type":"Feature","id":55619,"geometry":{"type":"LineString","coordinates":[[-88.9926000002742,43.715299999718],[-88.9105000002214,43.7289999996959]]},"properties":{"st":"WI","stf":55,"Date_Calc":"Sun, 22 May 2011 04:00:00 GMT","yr":2011,"mo":5,"dy":22,"date":"2011-05-22","time":"18:47:00","tz":3,"mag":0,"wid":50,"len":4.21,"fat":0,"inj":0,"closs":0,"loss":0.005,"om":316734,"stn":26,"fc":0,"slat":43.7153,"slon":-88.9926,"elat":43.729,"elon":-88.9105,"OBJECTID":55619}},{"type":"Feature","id":55894,"geometry":null,"properties":{"st":"WI","stf":55,"Date_Calc":"Sun, 19 Jun 2011 04:00:00 GMT","yr":2011,"mo":6,"dy":19,"date":"2011-06-19","time":"14:55:00","tz":3,"mag":0,"wid":20,"len":0.1,"fat":0,"inj":0,"closs":0,"loss":0,"om":327353,"stn":28,"fc":0,"slat":43.4497,"slon":-88.4407,"elat":43.4497,"elon":-88.4407,"OBJECTID":55894}},{"type":"Feature","id":55941,"geometry":{"type":"LineString","coordinates":[[-88.8657999996686,43.6676000001326],[-88.8852000003748,43.7027999996854]]},"properties":{"st":"WI","stf":55,"Date_Calc":"Tue, 21 Jun 2011 04:00:00 GMT","yr":2011,"mo":6,"dy":21,"date":"2011-06-21","time":"14:21:00","tz":3,"mag":1,"wid":150,"len":2.61,"fat":0,"inj":0,"closs":0,"loss":0.03,"om":327449,"stn":29,"fc":0,"slat":43.6676,"slon":-88.8658,"elat":43.7028,"elon":-88.8852,"OBJECTID":55941}},{"type":"Feature","id":55942,"geometry":{"type":"LineString","coordinates":[[-88.8852000003748,43.7027999996854],[-88.9074000004142,43.7295999996957]]},"properties":{"st":"WI","stf":55,"Date_Calc":"Tue, 21 Jun 2011 04:00:00 GMT","yr":2011,"mo":6,"dy":21,"date":"2011-06-21","time":"14:31:00","tz":3,"mag":1,"wid":150,"len":2.16,"fat":0,"inj":0,"closs":0,"loss":0.005,"om":327473,"stn":30,"fc":0,"slat":43.7028,"slon":-88.8852,"elat":43.7296,"elon":-88.9074,"OBJECTID":55942}},{"type":"Feature","id":55943,"geometry":{"type":"LineString","coordinates":[[-88.8848000003417,43.7710999998309],[-88.8856000004079,43.783700000211]]},"properties":{"st":"WI","stf":55,"Date_Calc":"Tue, 21 Jun 2011 04:00:00 GMT","yr":2011,"mo":6,"dy":21,"date":"2011-06-21","time":"14:36:00","tz":3,"mag":1,"wid":100,"len":0.87,"fat":0,"inj":0,"closs":0,"loss":0.015,"om":327478,"stn":31,"fc":0,"slat":43.7711,"slon":-88.8848,"elat":43.7837,"elon":-88.8856,"OBJECTID":55943}},{"type":"Feature","id":55944,"geometry":{"type":"LineString","coordinates":[[-88.8856000004079,43.783700000211],[-88.9119000003372,43.7980000002441]]},"properties":{"st":"WI","stf":55,"Date_Calc":"Tue, 21 Jun 2011 04:00:00 GMT","yr":2011,"mo":6,"dy":21,"date":"2011-06-21","time":"14:38:00","tz":3,"mag":1,"wid":100,"len":1.64,"fat":0,"inj":0,"closs":0,"loss":0.002,"om":327486,"stn":32,"fc":0,"slat":43.7837,"slon":-88.8856,"elat":43.798,"elon":-88.9119,"OBJECTID":55944}},{"type":"Feature","id":55996,"geometry":{"type":"LineString","coordinates":[[-89.5839999997788,42.9800000000001],[-89.2605000004223,43.0553999996942]]},"properties":{"st":"WI","stf":55,"Date_Calc":"Wed, 08 Jun 2011 04:00:00 GMT","yr":2011,"mo":6,"dy":8,"date":"2011-06-08","time":"18:41:00","tz":3,"mag":0,"wid":100,"len":17.15,"fat":0,"inj":0,"closs":0,"loss":0.1,"om":327324,"stn":27,"fc":0,"slat":42.98,"slon":-89.584,"elat":43.0554,"elon":-89.2605,"OBJECTID":55996}},{"type":"Feature","id":56041,"geometry":{"type":"LineString","coordinates":[[-92.2174999997421,45.5276000001103],[-92.2041000004305,45.519299999913]]},"properties":{"st":"WI","stf":55,"Date_Calc":"Tue, 19 Jul 2011 04:00:00 GMT","yr":2011,"mo":7,"dy":19,"date":"2011-07-19","time":"18:30:00","tz":3,"mag":0,"wid":25,"len":0.87,"fat":0,"inj":0,"closs":0,"loss":0,"om":333594,"stn":34,"fc":0,"slat":45.5276,"slon":-92.2175,"elat":45.5193,"elon":-92.2041,"OBJECTID":56041}},{"type":"Feature","id":56077,"geometry":{"type":"LineString","coordinates":[[-91.8745000001203,46.3153999996915],[-91.8478000001578,46.3535999999221]]},"properties":{"st":"WI","stf":55,"Date_Calc":"Fri, 01 Jul 2011 04:00:00 GMT","yr":2011,"mo":7,"dy":1,"date":"2011-07-01","time":"18:51:00","tz":3,"mag":2,"wid":300,"len":2.93,"fat":0,"inj":0,"closs":0,"loss":0,"om":335692,"stn":33,"fc":0,"slat":46.3154,"slon":-91.8745,"elat":46.3536,"elon":-91.8478,"OBJECTID":56077}},{"type":"Feature","id":56121,"geometry":{"type":"LineString","coordinates":[[-87.9869999997506,45.4025999997212],[-87.851499999773,45.3400999999934]]},"properties":{"st":"WI","stf":55,"Date_Calc":"Fri, 19 Aug 2011 04:00:00 GMT","yr":2011,"mo":8,"dy":19,"date":"2011-08-19","time":"15:45:00","tz":3,"mag":1,"wid":250,"len":7.9,"fat":1,"inj":0,"closs":0,"loss":0.125,"om":324661,"stn":36,"fc":0,"slat":45.4026,"slon":-87.987,"elat":45.3401,"elon":-87.8515,"OBJECTID":56121}},{"type":"Feature","id":56125,"geometry":{"type":"LineString","coordinates":[[-90.470699999901,44.6875000000753],[-90.3178999998401,44.6690000001499]]},"properties":{"st":"WI","stf":55,"Date_Calc":"Tue, 23 Aug 2011 04:00:00 GMT","yr":2011,"mo":8,"dy":23,"date":"2011-08-23","time":"16:05:00","tz":3,"mag":2,"wid":200,"len":7.61,"fat":0,"inj":2,"closs":0.091,"loss":1.4,"om":335363,"stn":38,"fc":0,"slat":44.6875,"slon":-90.4707,"elat":44.669,"elon":-90.3179,"OBJECTID":56125}},{"type":"Feature","id":56126,"geometry":null,"properties":{"st":"WI","stf":55,"Date_Calc":"Tue, 23 Aug 2011 04:00:00 GMT","yr":2011,"mo":8,"dy":23,"date":"2011-08-23","time":"16:58:00","tz":3,"mag":0,"wid":10,"len":0.01,"fat":0,"inj":0,"closs":0,"loss":0,"om":329600,"stn":39,"fc":0,"slat":44.553,"slon":-90.0331,"elat":44.553,"elon":-90.0331,"OBJECTID":56126}},{"type":"Feature","id":56127,"geometry":{"type":"LineString","coordinates":[[-88.4095999996676,44.5895000002408],[-88.4050000001855,44.5890999998472]]},"properties":{"st":"WI","stf":55,"Date_Calc":"Tue, 23 Aug 2011 04:00:00 GMT","yr":2011,"mo":8,"dy":23,"date":"2011-08-23","time":"17:56:00","tz":3,"mag":0,"wid":50,"len":0.23,"fat":0,"inj":0,"closs":0,"loss":0,"om":325945,"stn":40,"fc":0,"slat":44.5895,"slon":-88.4096,"elat":44.5891,"elon":-88.405,"OBJECTID":56127}},{"type":"Feature","id":56128,"geometry":{"type":"LineString","coordinates":[[-88.2540999998325,44.1826000001341],[-88.2442000003612,44.1812999998591]]},"properties":{"st":"WI","stf":55,"Date_Calc":"Tue, 23 Aug 2011 04:00:00 GMT","yr":2011,"mo":8,"dy":23,"date":"2011-08-23","time":"20:05:00","tz":3,"mag":0,"wid":100,"len":0.5,"fat":0,"inj":0,"closs":0,"loss":0.05,"om":326497,"stn":41,"fc":0,"slat":44.1826,"slon":-88.2541,"elat":44.1813,"elon":-88.2442,"OBJECTID":56128}},{"type":"Feature","id":56154,"geometry":{"type":"LineString","coordinates":[[-89.3659000001562,43.0671999998734],[-89.3526999999628,43.0525999999327]]},"properties":{"st":"WI","stf":55,"Date_Calc":"Mon, 08 Aug 2011 04:00:00 GMT","yr":2011,"mo":8,"dy":8,"date":"2011-08-08","time":"18:13:00","tz":3,"mag":0,"wid":20,"len":1.21,"fat":0,"inj":0,"closs":0,"loss":0,"om":343646,"stn":35,"fc":0,"slat":43.0672,"slon":-89.3659,"elat":43.0526,"elon":-89.3527,"OBJECTID":56154}},{"type":"Feature","id":56842,"geometry":{"type":"LineString","coordinates":[[-89.8052999996661,44.8689000002934],[-89.7355999997406,44.9392999999196]]},"properties":{"st":"WI","stf":55,"Date_Calc":"Thu, 24 May 2012 04:00:00 GMT","yr":2012,"mo":5,"dy":24,"date":"2012-05-24","time":"18:01:00","tz":3,"mag":0,"wid":75,"len":5.94,"fat":0,"inj":0,"closs":0,"loss":0,"om":373783,"stn":0,"fc":0,"slat":44.868899999999996,"slon":-89.8053,"elat":44.9393,"elon":-89.7356,"OBJECTID":56842}},{"type":"Feature","id":56860,"geometry":{"type":"LineString","coordinates":[[-92.459599999553,45.5921999997669],[-92.4562999997293,45.5938000002149]]},"properties":{"st":"WI","stf":55,"Date_Calc":"Sun, 27 May 2012 04:00:00 GMT","yr":2012,"mo":5,"dy":27,"date":"2012-05-27","time":"19:13:00","tz":3,"mag":0,"wid":25,"len":0.19,"fat":0,"inj":0,"closs":0,"loss":0,"om":386890,"stn":0,"fc":0,"slat":45.5922,"slon":-92.4596,"elat":45.5938,"elon":-92.4563,"OBJECTID":56860}},{"type":"Feature","id":57106,"geometry":null,"properties":{"st":"WI","stf":55,"Date_Calc":"Thu, 09 Aug 2012 04:00:00 GMT","yr":2012,"mo":8,"dy":9,"date":"2012-08-09","time":"10:19:00","tz":3,"mag":0,"wid":20,"len":0.05,"fat":0,"inj":0,"closs":0,"loss":0,"om":407000,"stn":0,"fc":0,"slat":46.72,"slon":-92.05,"elat":46.72,"elon":-92.05,"OBJECTID":57106}},{"type":"Feature","id":57143,"geometry":{"type":"LineString","coordinates":[[-90.9949999996952,42.9088999998619],[-90.9839000001247,42.9024999996841]]},"properties":{"st":"WI","stf":55,"Date_Calc":"Tue, 04 Sep 2012 04:00:00 GMT","yr":2012,"mo":9,"dy":4,"date":"2012-09-04","time":"18:37:00","tz":3,"mag":2,"wid":75,"len":0.72,"fat":0,"inj":0,"closs":0.008,"loss":0.42,"om":400292,"stn":0,"fc":0,"slat":42.9089,"slon":-90.995,"elat":42.9025,"elon":-90.9839,"OBJECTID":57143}},{"type":"Feature","id":57205,"geometry":{"type":"LineString","coordinates":[[-89.4769999999125,43.700000000245],[-89.4765000003203,43.7256999996977]]},"properties":{"st":"WI","stf":55,"Date_Calc":"Sat, 05 Oct 2013 04:00:00 GMT","yr":2013,"mo":10,"dy":5,"date":"2013-10-05","time":"17:23:00","tz":3,"mag":0,"wid":50,"len":1.78,"fat":0,"inj":0,"closs":0.005,"loss":0.05,"om":472741,"stn":0,"fc":0,"slat":43.7,"slon":-89.477,"elat":43.7257,"elon":-89.4765,"OBJECTID":57205}},{"type":"Feature","id":57865,"geometry":{"type":"LineString","coordinates":[[-89.3522999999298,43.3586999997101],[-89.3200999999616,43.3990000000553]]},"properties":{"st":"WI","stf":55,"Date_Calc":"Sat, 22 Jun 2013 04:00:00 GMT","yr":2013,"mo":6,"dy":22,"date":"2013-06-22","time":"19:55:00","tz":3,"mag":1,"wid":125,"len":3.22,"fat":0,"inj":0,"closs":0,"loss":0,"om":448285,"stn":0,"fc":0,"slat":43.3587,"slon":-89.3523,"elat":43.399,"elon":-89.3201,"OBJECTID":57865}},{"type":"Feature","id":57942,"geometry":{"type":"LineString","coordinates":[[-91.2045000004032,44.6620000003074],[-91.2005999996315,44.658900000148]]},"properties":{"st":"WI","stf":55,"Date_Calc":"Mon, 22 Jul 2013 04:00:00 GMT","yr":2013,"mo":7,"dy":22,"date":"2013-07-22","time":"15:45:00","tz":3,"mag":0,"wid":10,"len":0.29,"fat":0,"inj":0,"closs":0.01,"loss":0.005,"om":455166,"stn":0,"fc":0,"slat":44.662,"slon":-91.2045,"elat":44.6589,"elon":-91.2006,"OBJECTID":57942}},{"type":"Feature","id":57943,"geometry":{"type":"LineString","coordinates":[[-91.553499999623,44.0418000002035],[-91.5346999998647,44.050200000306]]},"properties":{"st":"WI","stf":55,"Date_Calc":"Mon, 22 Jul 2013 04:00:00 GMT","yr":2013,"mo":7,"dy":22,"date":"2013-07-22","time":"16:15:00","tz":3,"mag":0,"wid":40,"len":1.1,"fat":0,"inj":0,"closs":0,"loss":0.022,"om":456863,"stn":0,"fc":0,"slat":44.0418,"slon":-91.5535,"elat":44.0502,"elon":-91.5347,"OBJECTID":57943}},{"type":"Feature","id":57978,"geometry":{"type":"LineString","coordinates":[[-89.6919999997279,45.2850000001156],[-89.6090000000498,45.2899999998131]]},"properties":{"st":"WI","stf":55,"Date_Calc":"Tue, 09 Jul 2013 04:00:00 GMT","yr":2013,"mo":7,"dy":9,"date":"2013-07-09","time":"13:59:00","tz":3,"mag":0,"wid":100,"len":4.1,"fat":0,"inj":0,"closs":0,"loss":0,"om":452936,"stn":0,"fc":0,"slat":45.285,"slon":-89.692,"elat":45.29,"elon":-89.609,"OBJECTID":57978}},{"type":"Feature","id":57979,"geometry":{"type":"LineString","coordinates":[[-89.4250000001034,45.263999999898],[-89.2330000003936,45.2369999997751]]},"properties":{"st":"WI","stf":55,"Date_Calc":"Tue, 09 Jul 2013 04:00:00 GMT","yr":2013,"mo":7,"dy":9,"date":"2013-07-09","time":"14:32:00","tz":3,"mag":0,"wid":100,"len":9.52,"fat":0,"inj":0,"closs":0,"loss":0,"om":452941,"stn":0,"fc":0,"slat":45.264,"slon":-89.425,"elat":45.237,"elon":-89.233,"OBJECTID":57979}},{"type":"Feature","id":57985,"geometry":{"type":"LineString","coordinates":[[-89.5289999997216,44.2589999999893],[-89.5260000003718,44.2599999998606]]},"properties":{"st":"WI","stf":55,"Date_Calc":"Tue, 09 Jul 2013 04:00:00 GMT","yr":2013,"mo":7,"dy":9,"date":"2013-07-09","time":"16:44:00","tz":3,"mag":0,"wid":25,"len":0.16,"fat":0,"inj":0,"closs":0,"loss":0,"om":452894,"stn":0,"fc":0,"slat":44.259,"slon":-89.529,"elat":44.26,"elon":-89.526,"OBJECTID":57985}},{"type":"Feature","id":57986,"geometry":{"type":"LineString","coordinates":[[-87.8569999997787,44.9419999997617],[-87.8249999998271,44.9450000000152]]},"properties":{"st":"WI","stf":55,"Date_Calc":"Tue, 09 Jul 2013 04:00:00 GMT","yr":2013,"mo":7,"dy":9,"date":"2013-07-09","time":"18:50:00","tz":3,"mag":0,"wid":100,"len":1.58,"fat":0,"inj":0,"closs":0,"loss":0.025,"om":452864,"stn":0,"fc":0,"slat":44.942,"slon":-87.857,"elat":44.945,"elon":-87.825,"OBJECTID":57986}},{"type":"Feature","id":57996,"geometry":{"type":"LineString","coordinates":[[-91.2341999997154,44.9712000002421],[-91.2100000004089,44.9683999998318]]},"properties":{"st":"WI","stf":55,"Date_Calc":"Wed, 21 Aug 2013 04:00:00 GMT","yr":2013,"mo":8,"dy":21,"date":"2013-08-21","time":"16:24:00","tz":3,"mag":0,"wid":25,"len":1.2,"fat":0,"inj":0,"closs":0,"loss":0.025,"om":464245,"stn":0,"fc":0,"slat":44.9712,"slon":-91.2342,"elat":44.9684,"elon":-91.21,"OBJECTID":57996}},{"type":"Feature","id":58022,"geometry":{"type":"LineString","coordinates":[[-88.8380000000644,44.3489999997462],[-88.6430000001065,44.323999999794]]},"properties":{"st":"WI","stf":55,"Date_Calc":"Tue, 06 Aug 2013 04:00:00 GMT","yr":2013,"mo":8,"dy":6,"date":"2013-08-06","time":"23:22:00","tz":3,"mag":1,"wid":125,"len":9.79,"fat":0,"inj":2,"closs":0,"loss":0.025,"om":459677,"stn":0,"fc":0,"slat":44.349,"slon":-88.838,"elat":44.324,"elon":-88.643,"OBJECTID":58022}},{"type":"Feature","id":58023,"geometry":{"type":"LineString","coordinates":[[-88.7740000001611,44.382999999712],[-88.5370000003228,44.2989999998764]]},"properties":{"st":"WI","stf":55,"Date_Calc":"Tue, 06 Aug 2013 04:00:00 GMT","yr":2013,"mo":8,"dy":6,"date":"2013-08-06","time":"23:24:00","tz":3,"mag":2,"wid":175,"len":13.07,"fat":0,"inj":0,"closs":0,"loss":3.5,"om":459591,"stn":0,"fc":0,"slat":44.383,"slon":-88.774,"elat":44.299,"elon":-88.537,"OBJECTID":58023}},{"type":"Feature","id":58024,"geometry":{"type":"LineString","coordinates":[[-88.4150000001142,44.3450000000403],[-88.0340000000445,44.2989999998764]]},"properties":{"st":"WI","stf":55,"Date_Calc":"Tue, 06 Aug 2013 04:00:00 GMT","yr":2013,"mo":8,"dy":6,"date":"2013-08-06","time":"23:38:00","tz":3,"mag":1,"wid":175,"len":19.15,"fat":0,"inj":0,"closs":0,"loss":2,"om":461834,"stn":0,"fc":0,"slat":44.345,"slon":-88.415,"elat":44.299,"elon":-88.034,"OBJECTID":58024}},{"type":"Feature","id":58025,"geometry":{"type":"LineString","coordinates":[[-88.4600000002427,44.2980000000361],[-88.0576999997588,44.2168999997356]]},"properties":{"st":"WI","stf":55,"Date_Calc":"Tue, 06 Aug 2013 04:00:00 GMT","yr":2013,"mo":8,"dy":6,"date":"2013-08-06","time":"23:38:00","tz":3,"mag":1,"wid":175,"len":20.69,"fat":0,"inj":0,"closs":0,"loss":10.2,"om":461878,"stn":0,"fc":0,"slat":44.298,"slon":-88.46,"elat":44.2169,"elon":-88.0577,"OBJECTID":58025}},{"type":"Feature","id":58026,"geometry":{"type":"LineString","coordinates":[[-88.3740000003166,44.3709999998636],[-87.7149999997126,44.2860000001897]]},"properties":{"st":"WI","stf":55,"Date_Calc":"Tue, 06 Aug 2013 04:00:00 GMT","yr":2013,"mo":8,"dy":6,"date":"2013-08-06","time":"23:40:00","tz":3,"mag":1,"wid":250,"len":33.1,"fat":0,"inj":0,"closs":0,"loss":3.6,"om":459699,"stn":0,"fc":0,"slat":44.371,"slon":-88.374,"elat":44.286,"elon":-87.715,"OBJECTID":58026}},{"type":"Feature","id":58027,"geometry":{"type":"LineString","coordinates":[[-87.7750000001834,44.4240000000041],[-87.6639999999862,44.4089999997192]]},"properties":{"st":"WI","stf":55,"Date_Calc":"Wed, 07 Aug 2013 04:00:00 GMT","yr":2013,"mo":8,"dy":7,"date":"2013-08-07","time":"00:05:00","tz":3,"mag":1,"wid":100,"len":5.57,"fat":0,"inj":0,"closs":0,"loss":0.05,"om":459668,"stn":0,"fc":0,"slat":44.424,"slon":-87.775,"elat":44.409,"elon":-87.664,"OBJECTID":58027}},{"type":"Feature","id":58543,"geometry":{"type":"LineString","coordinates":[[-90.5187999998368,42.7376000000028],[-90.4480000002694,42.7215000002101]]},"properties":{"st":"WI","stf":55,"Date_Calc":"Mon, 16 Jun 2014 04:00:00 GMT","yr":2014,"mo":6,"dy":16,"date":"2014-06-16","time":"21:45:00","tz":3,"mag":2,"wid":100,"len":3.76,"fat":0,"inj":5,"closs":0.002,"loss":11.5,"om":518334,"stn":0,"fc":0,"slat":42.7376,"slon":-90.5188,"elat":42.7215,"elon":-90.448,"OBJECTID":58543}},{"type":"Feature","id":58544,"geometry":{"type":"LineString","coordinates":[[-90.4731000000995,42.7520999997791],[-90.463599999763,42.7516000002667]]},"properties":{"st":"WI","stf":55,"Date_Calc":"Mon, 16 Jun 2014 04:00:00 GMT","yr":2014,"mo":6,"dy":16,"date":"2014-06-16","time":"21:49:00","tz":3,"mag":1,"wid":25,"len":0.49,"fat":0,"inj":0,"closs":0.001,"loss":0.54,"om":518335,"stn":0,"fc":0,"slat":42.7521,"slon":-90.4731,"elat":42.7516,"elon":-90.4636,"OBJECTID":58544}},{"type":"Feature","id":58545,"geometry":{"type":"LineString","coordinates":[[-90.3730999999138,42.8054000000382],[-90.2891999997122,42.7922000001428]]},"properties":{"st":"WI","stf":55,"Date_Calc":"Mon, 16 Jun 2014 04:00:00 GMT","yr":2014,"mo":6,"dy":16,"date":"2014-06-16","time":"22:00:00","tz":3,"mag":1,"wid":200,"len":4.35,"fat":0,"inj":0,"closs":0,"loss":1.5,"om":535028,"stn":0,"fc":0,"slat":42.8054,"slon":-90.3731,"elat":42.7922,"elon":-90.2892,"OBJECTID":58545}},{"type":"Feature","id":58546,"geometry":{"type":"LineString","coordinates":[[-90.367199999875,42.8118999997565],[-90.3437999997364,42.8154000002379]]},"properties":{"st":"WI","stf":55,"Date_Calc":"Mon, 16 Jun 2014 04:00:00 GMT","yr":2014,"mo":6,"dy":16,"date":"2014-06-16","time":"22:00:00","tz":3,"mag":1,"wid":50,"len":1.17,"fat":0,"inj":0,"closs":0,"loss":0.033,"om":516633,"stn":0,"fc":0,"slat":42.8119,"slon":-90.3672,"elat":42.8154,"elon":-90.3438,"OBJECTID":58546}},{"type":"Feature","id":58547,"geometry":{"type":"LineString","coordinates":[[-90.2636000002899,42.8208000000798],[-90.2555000000691,42.8211999999771]]},"properties":{"st":"WI","stf":55,"Date_Calc":"Mon, 16 Jun 2014 04:00:00 GMT","yr":2014,"mo":6,"dy":16,"date":"2014-06-16","time":"22:10:00","tz":3,"mag":1,"wid":100,"len":0.41,"fat":0,"inj":0,"closs":0,"loss":0.02,"om":516605,"stn":0,"fc":0,"slat":42.8208,"slon":-90.2636,"elat":42.8212,"elon":-90.2555,"OBJECTID":58547}},{"type":"Feature","id":58548,"geometry":{"type":"LineString","coordinates":[[-89.782800000051,42.8250000000569],[-89.7815000003927,42.8323000002535]]},"properties":{"st":"WI","stf":55,"Date_Calc":"Mon, 16 Jun 2014 04:00:00 GMT","yr":2014,"mo":6,"dy":16,"date":"2014-06-16","time":"22:36:00","tz":3,"mag":1,"wid":125,"len":0.51,"fat":0,"inj":0,"closs":0,"loss":0.2,"om":531088,"stn":0,"fc":0,"slat":42.825,"slon":-89.7828,"elat":42.8323,"elon":-89.7815,"OBJECTID":58548}},{"type":"Feature","id":58549,"geometry":{"type":"LineString","coordinates":[[-89.7946999996877,42.8157000000806],[-89.789500000156,42.81999999977]]},"properties":{"st":"WI","stf":55,"Date_Calc":"Mon, 16 Jun 2014 04:00:00 GMT","yr":2014,"mo":6,"dy":16,"date":"2014-06-16","time":"22:36:00","tz":3,"mag":1,"wid":125,"len":0.4,"fat":0,"inj":0,"closs":0,"loss":0.05,"om":531080,"stn":0,"fc":0,"slat":42.8157,"slon":-89.7947,"elat":42.82,"elon":-89.7895,"OBJECTID":58549}},{"type":"Feature","id":58550,"geometry":{"type":"LineString","coordinates":[[-89.557899999866,43.0024000003122],[-89.5397000001574,43.0058999998181]]},"properties":{"st":"WI","stf":55,"Date_Calc":"Mon, 16 Jun 2014 04:00:00 GMT","yr":2014,"mo":6,"dy":16,"date":"2014-06-16","time":"23:08:00","tz":3,"mag":3,"wid":100,"len":0.96,"fat":0,"inj":0,"closs":0,"loss":14,"om":531145,"stn":0,"fc":0,"slat":43.0024,"slon":-89.5579,"elat":43.0059,"elon":-89.5397,"OBJECTID":58550}},{"type":"Feature","id":58551,"geometry":{"type":"LineString","coordinates":[[-89.4798999997032,43.0430999997384],[-89.4808000002268,43.0461999997582]]},"properties":{"st":"WI","stf":55,"Date_Calc":"Mon, 16 Jun 2014 04:00:00 GMT","yr":2014,"mo":6,"dy":16,"date":"2014-06-16","time":"23:15:00","tz":3,"mag":2,"wid":200,"len":0.22,"fat":0,"inj":0,"closs":0,"loss":5,"om":531149,"stn":0,"fc":0,"slat":43.0431,"slon":-89.4799,"elat":43.0462,"elon":-89.4808,"OBJECTID":58551}},{"type":"Feature","id":58552,"geometry":{"type":"LineString","coordinates":[[-89.3696000000131,43.0771999999291],[-89.349000000106,43.0900999999415]]},"properties":{"st":"WI","stf":55,"Date_Calc":"Mon, 16 Jun 2014 04:00:00 GMT","yr":2014,"mo":6,"dy":16,"date":"2014-06-16","time":"23:21:00","tz":3,"mag":1,"wid":300,"len":1.49,"fat":0,"inj":0,"closs":0,"loss":0.3,"om":531164,"stn":0,"fc":0,"slat":43.0772,"slon":-89.3696,"elat":43.0901,"elon":-89.349,"OBJECTID":58552}},{"type":"Feature","id":58553,"geometry":{"type":"LineString","coordinates":[[-89.6118999998405,42.5322999999735],[-89.4914999997643,42.5742999997839]]},"properties":{"st":"WI","stf":55,"Date_Calc":"Tue, 17 Jun 2014 04:00:00 GMT","yr":2014,"mo":6,"dy":17,"date":"2014-06-17","time":"03:40:00","tz":3,"mag":1,"wid":641,"len":6.78,"fat":0,"inj":0,"closs":0,"loss":0.3,"om":516599,"stn":0,"fc":0,"slat":42.5323,"slon":-89.6119,"elat":42.5743,"elon":-89.4915,"OBJECTID":58553}},{"type":"Feature","id":58573,"geometry":{"type":"LineString","coordinates":[[-89.7121999996019,43.1563999997411],[-89.7090000002355,43.1567999998652]]},"properties":{"st":"WI","stf":55,"Date_Calc":"Wed, 18 Jun 2014 04:00:00 GMT","yr":2014,"mo":6,"dy":18,"date":"2014-06-18","time":"06:27:00","tz":3,"mag":0,"wid":30,"len":0.16,"fat":0,"inj":0,"closs":0,"loss":0,"om":516685,"stn":0,"fc":0,"slat":43.1564,"slon":-89.7122,"elat":43.1568,"elon":-89.709,"OBJECTID":58573}},{"type":"Feature","id":58625,"geometry":null,"properties":{"st":"WI","stf":55,"Date_Calc":"Wed, 25 Jun 2014 04:00:00 GMT","yr":2014,"mo":6,"dy":25,"date":"2014-06-25","time":"14:00:00","tz":3,"mag":0,"wid":30,"len":0.33,"fat":0,"inj":0,"closs":0,"loss":0,"om":514332,"stn":0,"fc":0,"slat":42.74,"slon":-89.44,"elat":42.74,"elon":-89.44,"OBJECTID":58625}},{"type":"Feature","id":58634,"geometry":{"type":"LineString","coordinates":[[-91.7667999997469,44.9294000002438],[-91.7090999999155,45.022399999689]]},"properties":{"st":"WI","stf":55,"Date_Calc":"Fri, 27 Jun 2014 04:00:00 GMT","yr":2014,"mo":6,"dy":27,"date":"2014-06-27","time":"14:03:00","tz":3,"mag":1,"wid":100,"len":7.02,"fat":0,"inj":0,"closs":0,"loss":1.2,"om":517238,"stn":0,"fc":0,"slat":44.9294,"slon":-91.7668,"elat":45.0224,"elon":-91.7091,"OBJECTID":58634}},{"type":"Feature","id":58648,"geometry":{"type":"LineString","coordinates":[[-90.6404000000123,42.9988000000458],[-90.4786000001053,42.999200000126]]},"properties":{"st":"WI","stf":55,"Date_Calc":"Sun, 29 Jun 2014 04:00:00 GMT","yr":2014,"mo":6,"dy":29,"date":"2014-06-29","time":"21:00:00","tz":3,"mag":1,"wid":600,"len":8.18,"fat":0,"inj":0,"closs":0.006,"loss":0.41,"om":518336,"stn":0,"fc":0,"slat":42.9988,"slon":-90.6404,"elat":42.9992,"elon":-90.4786,"OBJECTID":58648}},{"type":"Feature","id":58649,"geometry":{"type":"LineString","coordinates":[[-90.4215999998826,43.0123000000056],[-89.8561000002743,43.0913999999727]]},"properties":{"st":"WI","stf":55,"Date_Calc":"Sun, 29 Jun 2014 04:00:00 GMT","yr":2014,"mo":6,"dy":29,"date":"2014-06-29","time":"21:18:00","tz":3,"mag":2,"wid":400,"len":29.07,"fat":0,"inj":0,"closs":0,"loss":3.5,"om":531379,"stn":0,"fc":0,"slat":43.0123,"slon":-90.4216,"elat":43.0914,"elon":-89.8561,"OBJECTID":58649}},{"type":"Feature","id":58650,"geometry":{"type":"LineString","coordinates":[[-90.2243000001837,42.9704999998009],[-90.1348000004172,43.0027999999492]]},"properties":{"st":"WI","stf":55,"Date_Calc":"Sun, 29 Jun 2014 04:00:00 GMT","yr":2014,"mo":6,"dy":29,"date":"2014-06-29","time":"21:26:00","tz":3,"mag":2,"wid":200,"len":5.05,"fat":0,"inj":0,"closs":0,"loss":0.4,"om":531383,"stn":0,"fc":0,"slat":42.9705,"slon":-90.2243,"elat":43.0028,"elon":-90.1348,"OBJECTID":58650}},{"type":"Feature","id":58652,"geometry":{"type":"LineString","coordinates":[[-89.3773000002008,42.9541000002557],[-89.3363999999622,42.9692999999674]]},"properties":{"st":"WI","stf":55,"Date_Calc":"Sun, 29 Jun 2014 04:00:00 GMT","yr":2014,"mo":6,"dy":29,"date":"2014-06-29","time":"22:27:00","tz":3,"mag":1,"wid":500,"len":2.32,"fat":0,"inj":0,"closs":0,"loss":0.05,"om":531395,"stn":0,"fc":0,"slat":42.9541,"slon":-89.3773,"elat":42.9693,"elon":-89.3364,"OBJECTID":58652}},{"type":"Feature","id":58817,"geometry":null,"properties":{"st":"WI","stf":55,"Date_Calc":"Sun, 27 Jul 2014 04:00:00 GMT","yr":2014,"mo":7,"dy":27,"date":"2014-07-27","time":"18:05:00","tz":3,"mag":0,"wid":10,"len":0.01,"fat":0,"inj":0,"closs":0,"loss":0,"om":524638,"stn":0,"fc":0,"slat":43.948,"slon":-88.495,"elat":43.948,"elon":-88.495,"OBJECTID":58817}},{"type":"Feature","id":58865,"geometry":{"type":"LineString","coordinates":[[-90.9226999995547,46.5842999997593],[-90.9232999996043,46.5837000002906]]},"properties":{"st":"WI","stf":55,"Date_Calc":"Mon, 11 Aug 2014 04:00:00 GMT","yr":2014,"mo":8,"dy":11,"date":"2014-08-11","time":"12:46:00","tz":3,"mag":0,"wid":3,"len":0.05,"fat":0,"inj":0,"closs":0,"loss":0,"om":534517,"stn":0,"fc":0,"slat":46.5843,"slon":-90.9227,"elat":46.5837,"elon":-90.9233,"OBJECTID":58865}},{"type":"Feature","id":58875,"geometry":{"type":"LineString","coordinates":[[-88.6175999998024,44.2298999997787],[-88.5759999999551,44.2289999998277]]},"properties":{"st":"WI","stf":55,"Date_Calc":"Mon, 18 Aug 2014 04:00:00 GMT","yr":2014,"mo":8,"dy":18,"date":"2014-08-18","time":"15:23:00","tz":3,"mag":0,"wid":50,"len":2.06,"fat":0,"inj":0,"closs":0,"loss":0,"om":528564,"stn":0,"fc":0,"slat":44.2299,"slon":-88.6176,"elat":44.229,"elon":-88.576,"OBJECTID":58875}},{"type":"Feature","id":59476,"geometry":{"type":"LineString","coordinates":[[-88.8500000001585,44.8704999998505],[-88.779999999759,44.9200000002289]]},"properties":{"st":"WI","stf":55,"Date_Calc":"Sun, 17 May 2015 04:00:00 GMT","yr":2015,"mo":5,"dy":17,"date":"2015-05-17","time":"14:31:00","tz":3,"mag":0,"wid":75,"len":4.84,"fat":0,"inj":0,"closs":0,"loss":0,"om":566827,"stn":0,"fc":0,"slat":44.8705,"slon":-88.85,"elat":44.92,"elon":-88.78,"OBJECTID":59476}},{"type":"Feature","id":59597,"geometry":{"type":"LineString","coordinates":[[-89.6460999999741,42.7004000002884],[-89.645699999941,42.7010999998664]]},"properties":{"st":"WI","stf":55,"Date_Calc":"Tue, 26 May 2015 04:00:00 GMT","yr":2015,"mo":5,"dy":26,"date":"2015-05-26","time":"11:23:00","tz":3,"mag":0,"wid":20,"len":0.05,"fat":0,"inj":0,"closs":0,"loss":0,"om":570588,"stn":0,"fc":0,"slat":42.7004,"slon":-89.6461,"elat":42.7011,"elon":-89.6457,"OBJECTID":59597}},{"type":"Feature","id":59769,"geometry":{"type":"LineString","coordinates":[[-87.9429999997048,44.3990000002388],[-87.9360000000242,44.3990000002388]]},"properties":{"st":"WI","stf":55,"Date_Calc":"Mon, 15 Jun 2015 04:00:00 GMT","yr":2015,"mo":6,"dy":15,"date":"2015-06-15","time":"14:09:00","tz":3,"mag":0,"wid":25,"len":0.35,"fat":0,"inj":0,"closs":0,"loss":0.0001,"om":571522,"stn":0,"fc":0,"slat":44.399,"slon":-87.943,"elat":44.399,"elon":-87.936,"OBJECTID":59769}},{"type":"Feature","id":59776,"geometry":{"type":"LineString","coordinates":[[-91.9894000001908,45.0629000001715],[-91.988000000075,45.0600000000691]]},"properties":{"st":"WI","stf":55,"Date_Calc":"Wed, 17 Jun 2015 04:00:00 GMT","yr":2015,"mo":6,"dy":17,"date":"2015-06-17","time":"16:03:00","tz":3,"mag":0,"wid":25,"len":0.21,"fat":0,"inj":0,"closs":0,"loss":0.002,"om":590205,"stn":0,"fc":0,"slat":45.0629,"slon":-91.9894,"elat":45.06,"elon":-91.988,"OBJECTID":59776}},{"type":"Feature","id":59778,"geometry":{"type":"LineString","coordinates":[[-92.3985000003388,45.2591999999632],[-92.3965000001734,45.258800000041]]},"properties":{"st":"WI","stf":55,"Date_Calc":"Wed, 17 Jun 2015 04:00:00 GMT","yr":2015,"mo":6,"dy":17,"date":"2015-06-17","time":"16:30:00","tz":3,"mag":0,"wid":25,"len":0.1,"fat":0,"inj":0,"closs":0,"loss":0,"om":590204,"stn":0,"fc":0,"slat":45.2592,"slon":-92.3985,"elat":45.2588,"elon":-92.3965,"OBJECTID":59778}},{"type":"Feature","id":59822,"geometry":{"type":"LineString","coordinates":[[-90.8889000003525,43.1375000001632],[-90.8631999995744,43.1408000003078]]},"properties":{"st":"WI","stf":55,"Date_Calc":"Mon, 22 Jun 2015 04:00:00 GMT","yr":2015,"mo":6,"dy":22,"date":"2015-06-22","time":"07:50:00","tz":3,"mag":0,"wid":35,"len":1.32,"fat":0,"inj":0,"closs":0,"loss":0.01,"om":574208,"stn":0,"fc":0,"slat":43.1375,"slon":-90.8889,"elat":43.1408,"elon":-90.8632,"OBJECTID":59822}},{"type":"Feature","id":59823,"geometry":{"type":"LineString","coordinates":[[-90.6927000002954,43.2130000002321],[-90.5717000001695,43.2196000000663]]},"properties":{"st":"WI","stf":55,"Date_Calc":"Mon, 22 Jun 2015 04:00:00 GMT","yr":2015,"mo":6,"dy":22,"date":"2015-06-22","time":"08:06:00","tz":3,"mag":0,"wid":60,"len":7.39,"fat":0,"inj":0,"closs":0,"loss":0.034,"om":587130,"stn":0,"fc":0,"slat":43.213,"slon":-90.6927,"elat":43.2196,"elon":-90.5717,"OBJECTID":59823}},{"type":"Feature","id":59960,"geometry":{"type":"LineString","coordinates":[[-90.1956999996149,43.1812000002621],[-90.1947999999897,43.1811000002945]]},"properties":{"st":"WI","stf":55,"Date_Calc":"Mon, 13 Jul 2015 04:00:00 GMT","yr":2015,"mo":7,"dy":13,"date":"2015-07-13","time":"17:33:00","tz":3,"mag":0,"wid":50,"len":0.05,"fat":0,"inj":0,"closs":0,"loss":0.01,"om":580924,"stn":0,"fc":0,"slat":43.1812,"slon":-90.1957,"elat":43.1811,"elon":-90.1948,"OBJECTID":59960}},{"type":"Feature","id":59992,"geometry":{"type":"LineString","coordinates":[[-92.0214000001424,44.7077000000497],[-91.9148000003092,44.7016000000924]]},"properties":{"st":"WI","stf":55,"Date_Calc":"Sat, 18 Jul 2015 04:00:00 GMT","yr":2015,"mo":7,"dy":18,"date":"2015-07-18","time":"00:52:00","tz":3,"mag":1,"wid":50,"len":5.25,"fat":0,"inj":0,"closs":0,"loss":0.01,"om":581577,"stn":0,"fc":0,"slat":44.7077,"slon":-92.0214,"elat":44.7016,"elon":-91.9148,"OBJECTID":59992}},{"type":"Feature","id":59996,"geometry":{"type":"LineString","coordinates":[[-88.8131999998099,42.7089999999134],[-88.7269999998672,42.6783000001889]]},"properties":{"st":"WI","stf":55,"Date_Calc":"Sat, 18 Jul 2015 04:00:00 GMT","yr":2015,"mo":7,"dy":18,"date":"2015-07-18","time":"13:40:00","tz":3,"mag":1,"wid":50,"len":4.94,"fat":0,"inj":0,"closs":0.002,"loss":0.18,"om":595835,"stn":0,"fc":0,"slat":42.709,"slon":-88.8132,"elat":42.6783,"elon":-88.727,"OBJECTID":59996}},{"type":"Feature","id":60030,"geometry":{"type":"LineString","coordinates":[[-88.949200000278,44.6626999999934],[-88.9341999999358,44.6649999996933]]},"properties":{"st":"WI","stf":55,"Date_Calc":"Mon, 06 Jul 2015 04:00:00 GMT","yr":2015,"mo":7,"dy":6,"date":"2015-07-06","time":"15:38:00","tz":3,"mag":1,"wid":75,"len":0.75,"fat":0,"inj":0,"closs":0,"loss":0.1,"om":577094,"stn":0,"fc":0,"slat":44.6627,"slon":-88.9492,"elat":44.665,"elon":-88.9342,"OBJECTID":60030}},{"type":"Feature","id":60031,"geometry":{"type":"LineString","coordinates":[[-88.757900000177,44.7277999996958],[-88.7567000000777,44.728700000182]]},"properties":{"st":"WI","stf":55,"Date_Calc":"Mon, 06 Jul 2015 04:00:00 GMT","yr":2015,"mo":7,"dy":6,"date":"2015-07-06","time":"16:03:00","tz":3,"mag":0,"wid":25,"len":0.08,"fat":0,"inj":0,"closs":0,"loss":0.01,"om":577097,"stn":0,"fc":0,"slat":44.7278,"slon":-88.7579,"elat":44.7287,"elon":-88.7567,"OBJECTID":60031}},{"type":"Feature","id":60035,"geometry":{"type":"LineString","coordinates":[[-88.2801999997453,44.8949000001452],[-88.2461000000692,44.9167000002084]]},"properties":{"st":"WI","stf":55,"Date_Calc":"Mon, 06 Jul 2015 04:00:00 GMT","yr":2015,"mo":7,"dy":6,"date":"2015-07-06","time":"16:56:00","tz":3,"mag":0,"wid":50,"len":2.25,"fat":0,"inj":0,"closs":0,"loss":0.005,"om":577101,"stn":0,"fc":0,"slat":44.8949,"slon":-88.2802,"elat":44.9167,"elon":-88.2461,"OBJECTID":60035}},{"type":"Feature","id":60054,"geometry":{"type":"LineString","coordinates":[[-88.0798000002392,43.2454000002103],[-88.0602999999739,43.245900000229]]},"properties":{"st":"WI","stf":55,"Date_Calc":"Mon, 10 Aug 2015 04:00:00 GMT","yr":2015,"mo":8,"dy":10,"date":"2015-08-10","time":"13:12:00","tz":3,"mag":0,"wid":50,"len":0.98,"fat":0,"inj":0,"closs":0,"loss":0.001,"om":599190,"stn":0,"fc":0,"slat":43.2454,"slon":-88.0798,"elat":43.2459,"elon":-88.0603,"OBJECTID":60054}},{"type":"Feature","id":60069,"geometry":{"type":"LineString","coordinates":[[-88.4311000000983,42.5880999998754],[-88.3968999999647,42.6547999999858]]},"properties":{"st":"WI","stf":55,"Date_Calc":"Tue, 18 Aug 2015 04:00:00 GMT","yr":2015,"mo":8,"dy":18,"date":"2015-08-18","time":"19:56:00","tz":3,"mag":1,"wid":75,"len":4.93,"fat":0,"inj":0,"closs":0,"loss":0.1,"om":588674,"stn":0,"fc":0,"slat":42.5881,"slon":-88.4311,"elat":42.6548,"elon":-88.3969,"OBJECTID":60069}},{"type":"Feature","id":60070,"geometry":{"type":"LineString","coordinates":[[-88.2668999999928,42.8319999999237],[-88.2391000003886,42.8611000002546]]},"properties":{"st":"WI","stf":55,"Date_Calc":"Tue, 18 Aug 2015 04:00:00 GMT","yr":2015,"mo":8,"dy":18,"date":"2015-08-18","time":"20:25:00","tz":3,"mag":1,"wid":50,"len":2.47,"fat":0,"inj":0,"closs":0,"loss":0.046,"om":588680,"stn":0,"fc":0,"slat":42.832,"slon":-88.2669,"elat":42.8611,"elon":-88.2391,"OBJECTID":60070}},{"type":"Feature","id":60071,"geometry":{"type":"LineString","coordinates":[[-88.2558999999814,42.9785000001999],[-88.2632999996951,42.9859999999484]]},"properties":{"st":"WI","stf":55,"Date_Calc":"Tue, 18 Aug 2015 04:00:00 GMT","yr":2015,"mo":8,"dy":18,"date":"2015-08-18","time":"20:50:00","tz":3,"mag":0,"wid":25,"len":0.64,"fat":0,"inj":0,"closs":0,"loss":0.01,"om":588687,"stn":0,"fc":0,"slat":42.9785,"slon":-88.2559,"elat":42.986,"elon":-88.2633,"OBJECTID":60071}},{"type":"Feature","id":60695,"geometry":{"type":"LineString","coordinates":[[-88.7834000000402,43.7293999999308],[-88.7915999998201,43.7929999997671]]},"properties":{"st":"WI","stf":55,"Date_Calc":"Fri, 27 May 2016 04:00:00 GMT","yr":2016,"mo":5,"dy":27,"date":"2016-05-27","time":"16:35:00","tz":3,"mag":1,"wid":330,"len":4.5,"fat":0,"inj":0,"closs":0,"loss":100000,"om":614032,"stn":0,"fc":0,"slat":43.7294,"slon":-88.7834,"elat":43.793,"elon":-88.7916,"OBJECTID":60695}},{"type":"Feature","id":60769,"geometry":{"type":"LineString","coordinates":[[-88.4411999995862,44.3395000001578],[-88.4225999998445,44.323800000119]]},"properties":{"st":"WI","stf":55,"Date_Calc":"Fri, 10 Jun 2016 04:00:00 GMT","yr":2016,"mo":6,"dy":10,"date":"2016-06-10","time":"19:00:00","tz":3,"mag":0,"wid":25,"len":1.42,"fat":0,"inj":0,"closs":0,"loss":0,"om":614070,"stn":0,"fc":0,"slat":44.3395,"slon":-88.4412,"elat":44.3238,"elon":-88.4226,"OBJECTID":60769}},{"type":"Feature","id":60792,"geometry":{"type":"LineString","coordinates":[[-88.3382999996098,44.1085000001339],[-88.3306999998795,44.1001000000462]]},"properties":{"st":"WI","stf":55,"Date_Calc":"Wed, 15 Jun 2016 04:00:00 GMT","yr":2016,"mo":6,"dy":15,"date":"2016-06-15","time":"17:47:00","tz":3,"mag":-9,"wid":25,"len":0.69,"fat":0,"inj":0,"closs":0,"loss":0,"om":614093,"stn":0,"fc":0,"slat":44.1085,"slon":-88.3383,"elat":44.1001,"elon":-88.3307,"OBJECTID":60792}},{"type":"Feature","id":60832,"geometry":{"type":"LineString","coordinates":[[-88.8253999999206,44.4901999998291],[-88.7707000003373,44.4896999998294]]},"properties":{"st":"WI","stf":55,"Date_Calc":"Sun, 26 Jun 2016 04:00:00 GMT","yr":2016,"mo":6,"dy":26,"date":"2016-06-26","time":"01:30:00","tz":3,"mag":1,"wid":100,"len":2.7,"fat":0,"inj":0,"closs":0,"loss":200000,"om":614133,"stn":0,"fc":0,"slat":44.4902,"slon":-88.8254,"elat":44.4897,"elon":-88.7707,"OBJECTID":60832}},{"type":"Feature","id":60841,"geometry":null,"properties":{"st":"WI","stf":55,"Date_Calc":"Thu, 30 Jun 2016 04:00:00 GMT","yr":2016,"mo":6,"dy":30,"date":"2016-06-30","time":"18:16:00","tz":3,"mag":0,"wid":50,"len":0.01,"fat":0,"inj":0,"closs":0,"loss":5000,"om":614142,"stn":0,"fc":0,"slat":44.9746,"slon":-89.995,"elat":44.9746,"elon":-89.995,"OBJECTID":60841}},{"type":"Feature","id":60851,"geometry":null,"properties":{"st":"WI","stf":55,"Date_Calc":"Sat, 04 Jun 2016 04:00:00 GMT","yr":2016,"mo":6,"dy":4,"date":"2016-06-04","time":"18:00:00","tz":3,"mag":0,"wid":50,"len":0.01,"fat":0,"inj":0,"closs":0,"loss":0,"om":614066,"stn":0,"fc":0,"slat":44.83,"slon":-88.5096,"elat":44.83,"elon":-88.5096,"OBJECTID":60851}},{"type":"Feature","id":60862,"geometry":{"type":"LineString","coordinates":[[-90.1577999996245,46.3617999999074],[-90.1139999995953,46.3739000001035]]},"properties":{"st":"WI","stf":55,"Date_Calc":"Mon, 11 Jul 2016 04:00:00 GMT","yr":2016,"mo":7,"dy":11,"date":"2016-07-11","time":"22:41:00","tz":3,"mag":1,"wid":100,"len":2.25,"fat":0,"inj":0,"closs":0,"loss":50000,"om":614196,"stn":0,"fc":0,"slat":46.3618,"slon":-90.1578,"elat":46.3739,"elon":-90.114,"OBJECTID":60862}},{"type":"Feature","id":60864,"geometry":{"type":"LineString","coordinates":[[-91.370000000167,44.9939999997267],[-91.3639999996708,45.0003000001537]]},"properties":{"st":"WI","stf":55,"Date_Calc":"Tue, 12 Jul 2016 04:00:00 GMT","yr":2016,"mo":7,"dy":12,"date":"2016-07-12","time":"01:05:00","tz":3,"mag":0,"wid":300,"len":0.53,"fat":0,"inj":0,"closs":0,"loss":25000,"om":614198,"stn":0,"fc":0,"slat":44.994,"slon":-91.37,"elat":45.0003,"elon":-91.364,"OBJECTID":60864}},{"type":"Feature","id":60909,"geometry":{"type":"LineString","coordinates":[[-91.6673999996108,45.2659999999635],[-91.6636000001948,45.2648999999536]]},"properties":{"st":"WI","stf":55,"Date_Calc":"Wed, 27 Jul 2016 04:00:00 GMT","yr":2016,"mo":7,"dy":27,"date":"2016-07-27","time":"14:55:00","tz":3,"mag":0,"wid":25,"len":0.2,"fat":0,"inj":0,"closs":0,"loss":50000,"om":614243,"stn":0,"fc":0,"slat":45.266,"slon":-91.6674,"elat":45.2649,"elon":-91.6636,"OBJECTID":60909}},{"type":"Feature","id":60933,"geometry":{"type":"LineString","coordinates":[[-92.2243999998636,44.6871000002704],[-92.2184000002657,44.68490000019]]},"properties":{"st":"WI","stf":55,"Date_Calc":"Tue, 05 Jul 2016 04:00:00 GMT","yr":2016,"mo":7,"dy":5,"date":"2016-07-05","time":"19:35:00","tz":3,"mag":0,"wid":25,"len":0.33,"fat":0,"inj":0,"closs":0,"loss":0,"om":614159,"stn":0,"fc":0,"slat":44.6871,"slon":-92.2244,"elat":44.6849,"elon":-92.2184,"OBJECTID":60933}},{"type":"Feature","id":60934,"geometry":{"type":"LineString","coordinates":[[-92.1049999998701,44.5660000002469],[-92.0381000001761,44.5707000003046]]},"properties":{"st":"WI","stf":55,"Date_Calc":"Tue, 05 Jul 2016 04:00:00 GMT","yr":2016,"mo":7,"dy":5,"date":"2016-07-05","time":"19:48:00","tz":3,"mag":1,"wid":100,"len":3.31,"fat":0,"inj":0,"closs":0,"loss":500000,"om":614160,"stn":0,"fc":0,"slat":44.566,"slon":-92.105,"elat":44.5707,"elon":-92.0381,"OBJECTID":60934}},{"type":"Feature","id":60935,"geometry":{"type":"LineString","coordinates":[[-91.7889000002272,44.338900000228],[-91.7755999995764,44.3436999999228]]},"properties":{"st":"WI","stf":55,"Date_Calc":"Tue, 05 Jul 2016 04:00:00 GMT","yr":2016,"mo":7,"dy":5,"date":"2016-07-05","time":"20:10:00","tz":3,"mag":1,"wid":100,"len":0.74,"fat":0,"inj":0,"closs":0,"loss":260000,"om":614161,"stn":0,"fc":0,"slat":44.3389,"slon":-91.7889,"elat":44.3437,"elon":-91.7756,"OBJECTID":60935}},{"type":"Feature","id":60936,"geometry":{"type":"LineString","coordinates":[[-91.7227999997011,44.331499999821],[-91.7139000003125,44.3302999997443]]},"properties":{"st":"WI","stf":55,"Date_Calc":"Tue, 05 Jul 2016 04:00:00 GMT","yr":2016,"mo":7,"dy":5,"date":"2016-07-05","time":"20:13:00","tz":3,"mag":1,"wid":100,"len":0.45,"fat":0,"inj":0,"closs":0,"loss":235000,"om":614162,"stn":0,"fc":0,"slat":44.3315,"slon":-91.7228,"elat":44.3303,"elon":-91.7139,"OBJECTID":60936}},{"type":"Feature","id":60937,"geometry":{"type":"LineString","coordinates":[[-91.0941000002557,43.4438999997051],[-91.0776000002385,43.4424999997428]]},"properties":{"st":"WI","stf":55,"Date_Calc":"Tue, 05 Jul 2016 04:00:00 GMT","yr":2016,"mo":7,"dy":5,"date":"2016-07-05","time":"21:31:00","tz":3,"mag":0,"wid":50,"len":0.83,"fat":0,"inj":0,"closs":0,"loss":5000,"om":614163,"stn":0,"fc":0,"slat":43.4439,"slon":-91.0941,"elat":43.4425,"elon":-91.0776,"OBJECTID":60937}},{"type":"Feature","id":60988,"geometry":{"type":"LineString","coordinates":[[-87.5221999999367,44.4513999997629],[-87.5121000004488,44.4585999998836]]},"properties":{"st":"WI","stf":55,"Date_Calc":"Sat, 20 Aug 2016 04:00:00 GMT","yr":2016,"mo":8,"dy":20,"date":"2016-08-20","time":"09:03:00","tz":3,"mag":0,"wid":125,"len":0.7,"fat":0,"inj":0,"closs":0,"loss":25000,"om":614291,"stn":0,"fc":0,"slat":44.4514,"slon":-87.5222,"elat":44.4586,"elon":-87.5121,"OBJECTID":60988}},{"type":"Feature","id":61046,"geometry":{"type":"LineString","coordinates":[[-90.2070000001004,44.9159999998],[-90.1179999999261,44.9159999998]]},"properties":{"st":"WI","stf":55,"Date_Calc":"Thu, 04 Aug 2016 04:00:00 GMT","yr":2016,"mo":8,"dy":4,"date":"2016-08-04","time":"10:20:00","tz":3,"mag":1,"wid":250,"len":4.35,"fat":0,"inj":0,"closs":5000,"loss":100000,"om":614259,"stn":0,"fc":0,"slat":44.916,"slon":-90.207,"elat":44.916,"elon":-90.118,"OBJECTID":61046}},{"type":"Feature","id":61145,"geometry":{"type":"LineString","coordinates":[[-89.3565000002771,43.090500000165],[-89.2147999997867,43.1853999996847]]},"properties":{"st":"WI","stf":55,"Date_Calc":"Sat, 07 Oct 2017 04:00:00 GMT","yr":2017,"mo":10,"dy":7,"date":"2017-10-07","time":"15:59:00","tz":3,"mag":0,"wid":100,"len":9.7,"fat":0,"inj":0,"closs":0,"loss":250000,"om":615787,"stn":0,"fc":0,"slat":43.0905,"slon":-89.3565,"elat":43.1854,"elon":-89.2148,"OBJECTID":61145}},{"type":"Feature","id":61571,"geometry":{"type":"LineString","coordinates":[[-91.1171999999204,43.8564000002908],[-91.0776999997976,43.8808999997531]]},"properties":{"st":"WI","stf":55,"Date_Calc":"Mon, 06 Mar 2017 05:00:00 GMT","yr":2017,"mo":3,"dy":6,"date":"2017-03-06","time":"20:46:00","tz":3,"mag":1,"wid":200,"len":2.6,"fat":0,"inj":0,"closs":0,"loss":290000,"om":614749,"stn":0,"fc":0,"slat":43.8564,"slon":-91.1172,"elat":43.8809,"elon":-91.0777,"OBJECTID":61571}},{"type":"Feature","id":61832,"geometry":{"type":"LineString","coordinates":[[-89.7410000001872,44.9789999998502],[-89.7320000003411,44.9789999998502]]},"properties":{"st":"WI","stf":55,"Date_Calc":"Sun, 09 Apr 2017 04:00:00 GMT","yr":2017,"mo":4,"dy":9,"date":"2017-04-09","time":"23:54:00","tz":3,"mag":1,"wid":100,"len":0.44,"fat":0,"inj":0,"closs":0,"loss":0,"om":614972,"stn":0,"fc":0,"slat":44.979,"slon":-89.741,"elat":44.979,"elon":-89.732,"OBJECTID":61832}},{"type":"Feature","id":61868,"geometry":{"type":"LineString","coordinates":[[-92.1618999996353,45.2529000001879],[-90.4918999998578,45.3916000002806]]},"properties":{"st":"WI","stf":55,"Date_Calc":"Tue, 16 May 2017 04:00:00 GMT","yr":2017,"mo":5,"dy":16,"date":"2017-05-16","time":"15:42:00","tz":3,"mag":3,"wid":1320,"len":82.53,"fat":1,"inj":25,"closs":0,"loss":10520000,"om":615169,"stn":0,"fc":0,"slat":45.2529,"slon":-92.1619,"elat":45.3916,"elon":-90.4919,"OBJECTID":61868}},{"type":"Feature","id":61883,"geometry":{"type":"LineString","coordinates":[[-89.3634000003986,45.4706000000486],[-89.3565000002771,45.4708000001013]]},"properties":{"st":"WI","stf":55,"Date_Calc":"Tue, 16 May 2017 04:00:00 GMT","yr":2017,"mo":5,"dy":16,"date":"2017-05-16","time":"19:12:00","tz":3,"mag":0,"wid":175,"len":0.33,"fat":0,"inj":0,"closs":0,"loss":0,"om":615184,"stn":0,"fc":0,"slat":45.4706,"slon":-89.3634,"elat":45.4708,"elon":-89.3565,"OBJECTID":61883}},{"type":"Feature","id":61892,"geometry":{"type":"LineString","coordinates":[[-91.1919999998185,44.0964999997754],[-91.1721000004185,44.1021000001706]]},"properties":{"st":"WI","stf":55,"Date_Calc":"Wed, 17 May 2017 04:00:00 GMT","yr":2017,"mo":5,"dy":17,"date":"2017-05-17","time":"16:21:00","tz":3,"mag":1,"wid":250,"len":1.06,"fat":0,"inj":0,"closs":0,"loss":60000,"om":615193,"stn":0,"fc":0,"slat":44.0965,"slon":-91.192,"elat":44.1021,"elon":-91.1721,"OBJECTID":61892}},{"type":"Feature","id":62137,"geometry":{"type":"LineString","coordinates":[[-88.2283000003937,43.6604000000181],[-88.193700000227,43.6423000000586]]},"properties":{"st":"WI","stf":55,"Date_Calc":"Mon, 12 Jun 2017 04:00:00 GMT","yr":2017,"mo":6,"dy":12,"date":"2017-06-12","time":"18:21:00","tz":3,"mag":0,"wid":50,"len":2.13,"fat":0,"inj":0,"closs":0,"loss":7000,"om":615410,"stn":0,"fc":0,"slat":43.6604,"slon":-88.2283,"elat":43.6423,"elon":-88.1937,"OBJECTID":62137}},{"type":"Feature","id":62161,"geometry":null,"properties":{"st":"WI","stf":55,"Date_Calc":"Wed, 14 Jun 2017 04:00:00 GMT","yr":2017,"mo":6,"dy":14,"date":"2017-06-14","time":"12:47:00","tz":3,"mag":0,"wid":25,"len":0.1,"fat":0,"inj":0,"closs":0,"loss":0,"om":615434,"stn":0,"fc":0,"slat":44.869,"slon":-88.749,"elat":44.869,"elon":-88.749,"OBJECTID":62161}},{"type":"Feature","id":62162,"geometry":{"type":"LineString","coordinates":[[-89.2070000000399,44.1960000000914],[-89.1587999996468,44.2166999996884]]},"properties":{"st":"WI","stf":55,"Date_Calc":"Wed, 14 Jun 2017 04:00:00 GMT","yr":2017,"mo":6,"dy":14,"date":"2017-06-14","time":"13:49:00","tz":3,"mag":1,"wid":100,"len":2.78,"fat":0,"inj":0,"closs":0,"loss":100000,"om":615435,"stn":0,"fc":0,"slat":44.196,"slon":-89.207,"elat":44.2167,"elon":-89.1588,"OBJECTID":62162}},{"type":"Feature","id":62163,"geometry":{"type":"LineString","coordinates":[[-88.4229999998776,44.2360000001385],[-88.2889000000157,44.3011000001021]]},"properties":{"st":"WI","stf":55,"Date_Calc":"Wed, 14 Jun 2017 04:00:00 GMT","yr":2017,"mo":6,"dy":14,"date":"2017-06-14","time":"14:28:00","tz":3,"mag":1,"wid":125,"len":8.02,"fat":0,"inj":0,"closs":0,"loss":255000,"om":615436,"stn":0,"fc":0,"slat":44.236,"slon":-88.423,"elat":44.3011,"elon":-88.2889,"OBJECTID":62163}},{"type":"Feature","id":62164,"geometry":{"type":"LineString","coordinates":[[-88.4400000003852,44.3100000002667],[-88.3899999998432,44.3300000000657]]},"properties":{"st":"WI","stf":55,"Date_Calc":"Wed, 14 Jun 2017 04:00:00 GMT","yr":2017,"mo":6,"dy":14,"date":"2017-06-14","time":"14:30:00","tz":3,"mag":0,"wid":50,"len":2.83,"fat":0,"inj":0,"closs":0,"loss":2500,"om":615437,"stn":0,"fc":0,"slat":44.31,"slon":-88.44,"elat":44.33,"elon":-88.39,"OBJECTID":62164}},{"type":"Feature","id":62165,"geometry":{"type":"LineString","coordinates":[[-88.6627999999474,44.5479000002288],[-88.5955000002204,44.5800000001502]]},"properties":{"st":"WI","stf":55,"Date_Calc":"Wed, 14 Jun 2017 04:00:00 GMT","yr":2017,"mo":6,"dy":14,"date":"2017-06-14","time":"14:31:00","tz":3,"mag":0,"wid":50,"len":3.99,"fat":0,"inj":0,"closs":0,"loss":0,"om":615438,"stn":0,"fc":0,"slat":44.5479,"slon":-88.6628,"elat":44.58,"elon":-88.5955,"OBJECTID":62165}},{"type":"Feature","id":62166,"geometry":{"type":"LineString","coordinates":[[-88.5089999998037,44.5709999999814],[-88.4437999998012,44.6051000000926]]},"properties":{"st":"WI","stf":55,"Date_Calc":"Wed, 14 Jun 2017 04:00:00 GMT","yr":2017,"mo":6,"dy":14,"date":"2017-06-14","time":"14:40:00","tz":3,"mag":1,"wid":100,"len":3.98,"fat":0,"inj":0,"closs":0,"loss":0,"om":615439,"stn":0,"fc":0,"slat":44.571,"slon":-88.509,"elat":44.6051,"elon":-88.4438,"OBJECTID":62166}},{"type":"Feature","id":62167,"geometry":{"type":"LineString","coordinates":[[-88.4032999995957,44.5908000002608],[-88.3848000003115,44.6632000001623]]},"properties":{"st":"WI","stf":55,"Date_Calc":"Wed, 14 Jun 2017 04:00:00 GMT","yr":2017,"mo":6,"dy":14,"date":"2017-06-14","time":"14:45:00","tz":3,"mag":1,"wid":75,"len":5.08,"fat":0,"inj":0,"closs":0,"loss":0,"om":615440,"stn":0,"fc":0,"slat":44.5908,"slon":-88.4033,"elat":44.6632,"elon":-88.3848,"OBJECTID":62167}},{"type":"Feature","id":62168,"geometry":{"type":"LineString","coordinates":[[-88.2870000003077,44.646999999773],[-88.2699999998,44.7299999998455]]},"properties":{"st":"WI","stf":55,"Date_Calc":"Wed, 14 Jun 2017 04:00:00 GMT","yr":2017,"mo":6,"dy":14,"date":"2017-06-14","time":"14:51:00","tz":3,"mag":1,"wid":150,"len":5.8,"fat":0,"inj":0,"closs":0,"loss":75000,"om":615441,"stn":0,"fc":0,"slat":44.647,"slon":-88.287,"elat":44.73,"elon":-88.27,"OBJECTID":62168}},{"type":"Feature","id":62169,"geometry":{"type":"LineString","coordinates":[[-87.9999999999275,44.2899999997157],[-87.98000000007,44.3000000000445]]},"properties":{"st":"WI","stf":55,"Date_Calc":"Wed, 14 Jun 2017 04:00:00 GMT","yr":2017,"mo":6,"dy":14,"date":"2017-06-14","time":"14:53:00","tz":3,"mag":0,"wid":50,"len":1.21,"fat":0,"inj":0,"closs":0,"loss":0,"om":615442,"stn":0,"fc":0,"slat":44.29,"slon":-88,"elat":44.3,"elon":-87.98,"OBJECTID":62169}},{"type":"Feature","id":62170,"geometry":{"type":"LineString","coordinates":[[-88.3630000003051,44.6460000001327],[-88.3180000001767,44.6765000002522]]},"properties":{"st":"WI","stf":55,"Date_Calc":"Wed, 14 Jun 2017 04:00:00 GMT","yr":2017,"mo":6,"dy":14,"date":"2017-06-14","time":"14:53:00","tz":3,"mag":0,"wid":50,"len":3.05,"fat":0,"inj":0,"closs":0,"loss":25000,"om":615443,"stn":0,"fc":0,"slat":44.646,"slon":-88.363,"elat":44.6765,"elon":-88.318,"OBJECTID":62170}},{"type":"Feature","id":62220,"geometry":{"type":"LineString","coordinates":[[-92.4892000002045,44.824399999898],[-92.2577000003719,44.8201000000443]]},"properties":{"st":"WI","stf":55,"Date_Calc":"Wed, 28 Jun 2017 04:00:00 GMT","yr":2017,"mo":6,"dy":28,"date":"2017-06-28","time":"15:25:00","tz":3,"mag":1,"wid":700,"len":11.35,"fat":0,"inj":0,"closs":0,"loss":0,"om":615493,"stn":0,"fc":0,"slat":44.8244,"slon":-92.4892,"elat":44.8201,"elon":-92.2577,"OBJECTID":62220}},{"type":"Feature","id":62223,"geometry":{"type":"LineString","coordinates":[[-92.4260000003674,45.7619999998571],[-92.3940000004158,45.7840000001083]]},"properties":{"st":"WI","stf":55,"Date_Calc":"Wed, 28 Jun 2017 04:00:00 GMT","yr":2017,"mo":6,"dy":28,"date":"2017-06-28","time":"15:49:00","tz":3,"mag":1,"wid":180,"len":2.2,"fat":0,"inj":0,"closs":0,"loss":0,"om":615496,"stn":0,"fc":0,"slat":45.762,"slon":-92.426,"elat":45.784,"elon":-92.394,"OBJECTID":62223}},{"type":"Feature","id":62231,"geometry":{"type":"LineString","coordinates":[[-89.621000000144,42.7029999997748],[-89.6102999997082,42.7004999997682]]},"properties":{"st":"WI","stf":55,"Date_Calc":"Wed, 28 Jun 2017 04:00:00 GMT","yr":2017,"mo":6,"dy":28,"date":"2017-06-28","time":"17:55:00","tz":3,"mag":1,"wid":150,"len":0.57,"fat":0,"inj":0,"closs":0,"loss":145000,"om":615504,"stn":0,"fc":0,"slat":42.703,"slon":-89.621,"elat":42.7005,"elon":-89.6103,"OBJECTID":62231}},{"type":"Feature","id":62232,"geometry":{"type":"LineString","coordinates":[[-89.621000000144,42.6660000003163],[-89.5890000001924,42.686999999951]]},"properties":{"st":"WI","stf":55,"Date_Calc":"Wed, 28 Jun 2017 04:00:00 GMT","yr":2017,"mo":6,"dy":28,"date":"2017-06-28","time":"17:55:00","tz":3,"mag":1,"wid":300,"len":2.21,"fat":0,"inj":0,"closs":0,"loss":325000,"om":615505,"stn":0,"fc":0,"slat":42.666,"slon":-89.621,"elat":42.687,"elon":-89.589,"OBJECTID":62232}},{"type":"Feature","id":62236,"geometry":{"type":"LineString","coordinates":[[-89.0992999996665,42.6864999998762],[-89.0837999997321,42.686599999949]]},"properties":{"st":"WI","stf":55,"Date_Calc":"Wed, 28 Jun 2017 04:00:00 GMT","yr":2017,"mo":6,"dy":28,"date":"2017-06-28","time":"18:38:00","tz":3,"mag":0,"wid":100,"len":0.79,"fat":0,"inj":0,"closs":0,"loss":60000,"om":615509,"stn":0,"fc":0,"slat":42.6865,"slon":-89.0993,"elat":42.6866,"elon":-89.0838,"OBJECTID":62236}},{"type":"Feature","id":62294,"geometry":{"type":"LineString","coordinates":[[-89.4276000003184,44.4884000001493],[-89.4158000002408,44.481899999753]]},"properties":{"st":"WI","stf":55,"Date_Calc":"Wed, 12 Jul 2017 04:00:00 GMT","yr":2017,"mo":7,"dy":12,"date":"2017-07-12","time":"19:30:00","tz":3,"mag":0,"wid":30,"len":0.73,"fat":0,"inj":0,"closs":0,"loss":5000,"om":615563,"stn":0,"fc":0,"slat":44.4884,"slon":-89.4276,"elat":44.4819,"elon":-89.4158,"OBJECTID":62294}},{"type":"Feature","id":62606,"geometry":{"type":"LineString","coordinates":[[-89.0458000001825,44.9864999999374],[-89.0262999999173,44.9905999996966]]},"properties":{"st":"WI","stf":55,"Date_Calc":"Wed, 03 Oct 2018 04:00:00 GMT","yr":2018,"mo":10,"dy":3,"date":"2018-10-03","time":"18:08:00","tz":3,"mag":0,"wid":25,"len":0.99,"fat":0,"inj":0,"closs":0,"loss":0,"om":616775,"stn":0,"fc":0,"slat":44.9865,"slon":-89.0458,"elat":44.9906,"elon":-89.0263,"OBJECTID":62606}},{"type":"Feature","id":63207,"geometry":{"type":"LineString","coordinates":[[-90.6463999996102,43.0306999999454],[-90.6159999997909,43.0331999997639]]},"properties":{"st":"WI","stf":55,"Date_Calc":"Wed, 09 May 2018 04:00:00 GMT","yr":2018,"mo":5,"dy":9,"date":"2018-05-09","time":"12:31:00","tz":3,"mag":0,"wid":70,"len":1.55,"fat":0,"inj":0,"closs":0,"loss":25000,"om":616200,"stn":0,"fc":0,"slat":43.0307,"slon":-90.6464,"elat":43.0332,"elon":-90.616,"OBJECTID":63207}},{"type":"Feature","id":63208,"geometry":{"type":"LineString","coordinates":[[-88.3449000001556,43.2091000001776],[-88.242699999788,43.2216999999049]]},"properties":{"st":"WI","stf":55,"Date_Calc":"Wed, 09 May 2018 04:00:00 GMT","yr":2018,"mo":5,"dy":9,"date":"2018-05-09","time":"15:50:00","tz":3,"mag":0,"wid":50,"len":5.22,"fat":0,"inj":0,"closs":0,"loss":15000,"om":616201,"stn":0,"fc":0,"slat":43.2091,"slon":-88.3449,"elat":43.2217,"elon":-88.2427,"OBJECTID":63208}},{"type":"Feature","id":63229,"geometry":{"type":"LineString","coordinates":[[-89.3506999997974,43.4359000000241],[-89.3480000000233,43.4363000000819]]},"properties":{"st":"WI","stf":55,"Date_Calc":"Sat, 16 Jun 2018 04:00:00 GMT","yr":2018,"mo":6,"dy":16,"date":"2018-06-16","time":"16:20:00","tz":3,"mag":0,"wid":50,"len":0.14,"fat":0,"inj":0,"closs":0,"loss":2000,"om":616371,"stn":0,"fc":0,"slat":43.4359,"slon":-89.3507,"elat":43.4363,"elon":-89.348,"OBJECTID":63229}},{"type":"Feature","id":63283,"geometry":{"type":"LineString","coordinates":[[-90.5100000000073,42.6199999996927],[-90.5089999999246,42.6210000000841]]},"properties":{"st":"WI","stf":55,"Date_Calc":"Tue, 26 Jun 2018 04:00:00 GMT","yr":2018,"mo":6,"dy":26,"date":"2018-06-26","time":"09:42:00","tz":3,"mag":0,"wid":10,"len":0.09,"fat":0,"inj":0,"closs":0,"loss":0,"om":616425,"stn":0,"fc":0,"slat":42.62,"slon":-90.51,"elat":42.621,"elon":-90.509,"OBJECTID":63283}},{"type":"Feature","id":63284,"geometry":{"type":"LineString","coordinates":[[-90.4105000003121,42.7752000002135],[-90.4040999997828,42.7806999997304]]},"properties":{"st":"WI","stf":55,"Date_Calc":"Tue, 26 Jun 2018 04:00:00 GMT","yr":2018,"mo":6,"dy":26,"date":"2018-06-26","time":"10:30:00","tz":3,"mag":0,"wid":40,"len":0.5,"fat":0,"inj":0,"closs":0,"loss":1000,"om":616426,"stn":0,"fc":0,"slat":42.7752,"slon":-90.4105,"elat":42.7807,"elon":-90.4041,"OBJECTID":63284}},{"type":"Feature","id":63287,"geometry":{"type":"LineString","coordinates":[[-89.8875000001763,42.6983999999785],[-89.8944999998569,42.7237999998891]]},"properties":{"st":"WI","stf":55,"Date_Calc":"Tue, 26 Jun 2018 04:00:00 GMT","yr":2018,"mo":6,"dy":26,"date":"2018-06-26","time":"13:24:00","tz":3,"mag":0,"wid":47,"len":1.79,"fat":0,"inj":0,"closs":0,"loss":15000,"om":616429,"stn":0,"fc":0,"slat":42.6984,"slon":-89.8875,"elat":42.7238,"elon":-89.8945,"OBJECTID":63287}},{"type":"Feature","id":63400,"geometry":{"type":"LineString","coordinates":[[-89.2516999996944,44.0624000000804],[-89.2532999998268,44.062099999944]]},"properties":{"st":"WI","stf":55,"Date_Calc":"Fri, 20 Jul 2018 04:00:00 GMT","yr":2018,"mo":7,"dy":20,"date":"2018-07-20","time":"11:55:00","tz":3,"mag":0,"wid":10,"len":0.08,"fat":0,"inj":0,"closs":0,"loss":0,"om":616519,"stn":0,"fc":0,"slat":44.0624,"slon":-89.2517,"elat":44.0621,"elon":-89.2533,"OBJECTID":63400}},{"type":"Feature","id":63482,"geometry":{"type":"LineString","coordinates":[[-88.6283000002382,42.6274999997884],[-88.6417000004481,42.6297999999404]]},"properties":{"st":"WI","stf":55,"Date_Calc":"Mon, 20 Aug 2018 04:00:00 GMT","yr":2018,"mo":8,"dy":20,"date":"2018-08-20","time":"19:01:00","tz":3,"mag":0,"wid":150,"len":0.7,"fat":0,"inj":0,"closs":0,"loss":15000,"om":616609,"stn":0,"fc":0,"slat":42.6275,"slon":-88.6283,"elat":42.6298,"elon":-88.6417,"OBJECTID":63482}},{"type":"Feature","id":63491,"geometry":{"type":"LineString","coordinates":[[-90.4786999996644,44.0288000000728],[-90.3759999997045,44.023000000301]]},"properties":{"st":"WI","stf":55,"Date_Calc":"Mon, 27 Aug 2018 04:00:00 GMT","yr":2018,"mo":8,"dy":27,"date":"2018-08-27","time":"19:23:00","tz":3,"mag":1,"wid":150,"len":5.12,"fat":0,"inj":0,"closs":0,"loss":25000,"om":616618,"stn":0,"fc":0,"slat":44.0288,"slon":-90.4787,"elat":44.023,"elon":-90.376,"OBJECTID":63491}},{"type":"Feature","id":63492,"geometry":{"type":"LineString","coordinates":[[-89.5827000001205,43.7691000000301],[-89.5698000004011,43.7698000001726]]},"properties":{"st":"WI","stf":55,"Date_Calc":"Tue, 28 Aug 2018 04:00:00 GMT","yr":2018,"mo":8,"dy":28,"date":"2018-08-28","time":"14:00:00","tz":3,"mag":1,"wid":50,"len":0.65,"fat":0,"inj":0,"closs":0,"loss":0,"om":616619,"stn":0,"fc":0,"slat":43.7691,"slon":-89.5827,"elat":43.7698,"elon":-89.5698,"OBJECTID":63492}},{"type":"Feature","id":63493,"geometry":{"type":"LineString","coordinates":[[-89.4278999998941,43.7531000000532],[-89.3932999997274,43.7466999996803]]},"properties":{"st":"WI","stf":55,"Date_Calc":"Tue, 28 Aug 2018 04:00:00 GMT","yr":2018,"mo":8,"dy":28,"date":"2018-08-28","time":"14:03:00","tz":3,"mag":1,"wid":75,"len":1.78,"fat":0,"inj":0,"closs":0,"loss":0,"om":616620,"stn":0,"fc":0,"slat":43.7531,"slon":-89.4279,"elat":43.7467,"elon":-89.3933,"OBJECTID":63493}},{"type":"Feature","id":63494,"geometry":{"type":"LineString","coordinates":[[-89.2447999995729,43.7393000001894],[-89.182399999802,43.7399000001942]]},"properties":{"st":"WI","stf":55,"Date_Calc":"Tue, 28 Aug 2018 04:00:00 GMT","yr":2018,"mo":8,"dy":28,"date":"2018-08-28","time":"14:17:00","tz":3,"mag":1,"wid":90,"len":3.12,"fat":0,"inj":0,"closs":0,"loss":0,"om":616621,"stn":0,"fc":0,"slat":43.7393,"slon":-89.2448,"elat":43.7399,"elon":-89.1824,"OBJECTID":63494}},{"type":"Feature","id":63495,"geometry":{"type":"LineString","coordinates":[[-89.0904000002779,43.7421000002569],[-89.0574999998027,43.7235000001876]]},"properties":{"st":"WI","stf":55,"Date_Calc":"Tue, 28 Aug 2018 04:00:00 GMT","yr":2018,"mo":8,"dy":28,"date":"2018-08-28","time":"14:25:00","tz":3,"mag":0,"wid":50,"len":2.09,"fat":0,"inj":0,"closs":0,"loss":0,"om":616622,"stn":0,"fc":0,"slat":43.7421,"slon":-89.0904,"elat":43.7235,"elon":-89.0575,"OBJECTID":63495}},{"type":"Feature","id":63496,"geometry":{"type":"LineString","coordinates":[[-88.8447999997284,43.6945999997567],[-88.7554000004194,43.6808999996886]]},"properties":{"st":"WI","stf":55,"Date_Calc":"Tue, 28 Aug 2018 04:00:00 GMT","yr":2018,"mo":8,"dy":28,"date":"2018-08-28","time":"14:55:00","tz":3,"mag":1,"wid":175,"len":4.57,"fat":0,"inj":0,"closs":0,"loss":0,"om":616623,"stn":0,"fc":0,"slat":43.6946,"slon":-88.8448,"elat":43.6809,"elon":-88.7554,"OBJECTID":63496}},{"type":"Feature","id":63497,"geometry":{"type":"LineString","coordinates":[[-88.7147000001974,43.7043999998421],[-88.7051000003017,43.6988000001642]]},"properties":{"st":"WI","stf":55,"Date_Calc":"Tue, 28 Aug 2018 04:00:00 GMT","yr":2018,"mo":8,"dy":28,"date":"2018-08-28","time":"15:00:00","tz":3,"mag":0,"wid":50,"len":0.62,"fat":0,"inj":0,"closs":0,"loss":0,"om":616624,"stn":0,"fc":0,"slat":43.7044,"slon":-88.7147,"elat":43.6988,"elon":-88.7051,"OBJECTID":63497}},{"type":"Feature","id":63498,"geometry":{"type":"LineString","coordinates":[[-88.6636999995727,43.68229999978],[-88.5949000001707,43.6416000000925]]},"properties":{"st":"WI","stf":55,"Date_Calc":"Tue, 28 Aug 2018 04:00:00 GMT","yr":2018,"mo":8,"dy":28,"date":"2018-08-28","time":"15:04:00","tz":3,"mag":1,"wid":100,"len":4.44,"fat":0,"inj":0,"closs":0,"loss":0,"om":616625,"stn":0,"fc":0,"slat":43.6823,"slon":-88.6637,"elat":43.6416,"elon":-88.5949,"OBJECTID":63498}},{"type":"Feature","id":63499,"geometry":{"type":"LineString","coordinates":[[-88.5527999998329,43.6395000000162],[-88.5501999996179,43.6387999999324]]},"properties":{"st":"WI","stf":55,"Date_Calc":"Tue, 28 Aug 2018 04:00:00 GMT","yr":2018,"mo":8,"dy":28,"date":"2018-08-28","time":"15:08:00","tz":3,"mag":0,"wid":50,"len":0.14,"fat":0,"inj":0,"closs":0,"loss":0,"om":616626,"stn":0,"fc":0,"slat":43.6395,"slon":-88.5528,"elat":43.6388,"elon":-88.5502,"OBJECTID":63499}},{"type":"Feature","id":63500,"geometry":{"type":"LineString","coordinates":[[-88.5030999997649,43.6397000000282],[-88.4857000001225,43.6353999999919]]},"properties":{"st":"WI","stf":55,"Date_Calc":"Tue, 28 Aug 2018 04:00:00 GMT","yr":2018,"mo":8,"dy":28,"date":"2018-08-28","time":"15:09:00","tz":3,"mag":1,"wid":100,"len":0.92,"fat":0,"inj":0,"closs":0,"loss":0,"om":616627,"stn":0,"fc":0,"slat":43.6397,"slon":-88.5031,"elat":43.6354,"elon":-88.4857,"OBJECTID":63500}},{"type":"Feature","id":63501,"geometry":{"type":"LineString","coordinates":[[-88.4875999998304,43.6390000003241],[-88.4845999995823,43.6390000003241]]},"properties":{"st":"WI","stf":55,"Date_Calc":"Tue, 28 Aug 2018 04:00:00 GMT","yr":2018,"mo":8,"dy":28,"date":"2018-08-28","time":"15:11:00","tz":3,"mag":1,"wid":80,"len":0.15,"fat":0,"inj":0,"closs":0,"loss":0,"om":616628,"stn":0,"fc":0,"slat":43.639,"slon":-88.4876,"elat":43.639,"elon":-88.4846,"OBJECTID":63501}},{"type":"Feature","id":63502,"geometry":{"type":"LineString","coordinates":[[-88.5221999999971,43.6153000002755],[-88.4517999995645,43.6384999997219]]},"properties":{"st":"WI","stf":55,"Date_Calc":"Tue, 28 Aug 2018 04:00:00 GMT","yr":2018,"mo":8,"dy":28,"date":"2018-08-28","time":"15:11:00","tz":3,"mag":2,"wid":150,"len":3.91,"fat":0,"inj":0,"closs":5000,"loss":169000,"om":616629,"stn":0,"fc":0,"slat":43.6153,"slon":-88.5222,"elat":43.6385,"elon":-88.4518,"OBJECTID":63502}},{"type":"Feature","id":63503,"geometry":{"type":"LineString","coordinates":[[-88.4999000003986,43.6129000002822],[-88.4484999997408,43.6241000001276]]},"properties":{"st":"WI","stf":55,"Date_Calc":"Tue, 28 Aug 2018 04:00:00 GMT","yr":2018,"mo":8,"dy":28,"date":"2018-08-28","time":"15:12:00","tz":3,"mag":1,"wid":100,"len":2.68,"fat":0,"inj":0,"closs":0,"loss":0,"om":616630,"stn":0,"fc":0,"slat":43.6129,"slon":-88.4999,"elat":43.6241,"elon":-88.4485,"OBJECTID":63503}},{"type":"Feature","id":63504,"geometry":{"type":"LineString","coordinates":[[-88.4266999997344,43.6386000001752],[-88.3791000002892,43.6607999999333]]},"properties":{"st":"WI","stf":55,"Date_Calc":"Tue, 28 Aug 2018 04:00:00 GMT","yr":2018,"mo":8,"dy":28,"date":"2018-08-28","time":"15:16:00","tz":3,"mag":1,"wid":100,"len":2.83,"fat":0,"inj":0,"closs":0,"loss":0,"om":616631,"stn":0,"fc":0,"slat":43.6386,"slon":-88.4267,"elat":43.6608,"elon":-88.3791,"OBJECTID":63504}},{"type":"Feature","id":63505,"geometry":{"type":"LineString","coordinates":[[-88.3394000001499,43.6578999998002],[-88.2575000001137,43.6838000002361]]},"properties":{"st":"WI","stf":55,"Date_Calc":"Tue, 28 Aug 2018 04:00:00 GMT","yr":2018,"mo":8,"dy":28,"date":"2018-08-28","time":"15:22:00","tz":3,"mag":1,"wid":90,"len":4.47,"fat":0,"inj":0,"closs":0,"loss":0,"om":616632,"stn":0,"fc":0,"slat":43.6579,"slon":-88.3394,"elat":43.6838,"elon":-88.2575,"OBJECTID":63505}},{"type":"Feature","id":63506,"geometry":{"type":"LineString","coordinates":[[-88.2499999999426,43.7298999997137],[-88.1794000003918,43.7022000001446]]},"properties":{"st":"WI","stf":55,"Date_Calc":"Tue, 28 Aug 2018 04:00:00 GMT","yr":2018,"mo":8,"dy":28,"date":"2018-08-28","time":"15:27:00","tz":3,"mag":1,"wid":100,"len":4.01,"fat":0,"inj":0,"closs":0,"loss":0,"om":616633,"stn":0,"fc":0,"slat":43.7299,"slon":-88.25,"elat":43.7022,"elon":-88.1794,"OBJECTID":63506}},{"type":"Feature","id":63507,"geometry":{"type":"LineString","coordinates":[[-88.1609000002092,43.6559999998973],[-88.1601999997021,43.6563999998788]]},"properties":{"st":"WI","stf":55,"Date_Calc":"Tue, 28 Aug 2018 04:00:00 GMT","yr":2018,"mo":8,"dy":28,"date":"2018-08-28","time":"15:30:00","tz":3,"mag":0,"wid":80,"len":0.04,"fat":0,"inj":0,"closs":0,"loss":0,"om":616634,"stn":0,"fc":0,"slat":43.656,"slon":-88.1609,"elat":43.6564,"elon":-88.1602,"OBJECTID":63507}},{"type":"Feature","id":63508,"geometry":{"type":"LineString","coordinates":[[-88.0423999998409,43.9509999996909],[-88.0226999995591,43.9500000000742]]},"properties":{"st":"WI","stf":55,"Date_Calc":"Tue, 28 Aug 2018 04:00:00 GMT","yr":2018,"mo":8,"dy":28,"date":"2018-08-28","time":"15:33:00","tz":3,"mag":1,"wid":75,"len":0.98,"fat":0,"inj":0,"closs":0,"loss":75000,"om":616635,"stn":0,"fc":0,"slat":43.951,"slon":-88.0424,"elat":43.95,"elon":-88.0227,"OBJECTID":63508}},{"type":"Feature","id":63509,"geometry":{"type":"LineString","coordinates":[[-88.1059999997111,43.7011999996888],[-88.0063999995585,43.6736999999059]]},"properties":{"st":"WI","stf":55,"Date_Calc":"Tue, 28 Aug 2018 04:00:00 GMT","yr":2018,"mo":8,"dy":28,"date":"2018-08-28","time":"15:36:00","tz":3,"mag":1,"wid":100,"len":5.33,"fat":0,"inj":0,"closs":0,"loss":0,"om":616636,"stn":0,"fc":0,"slat":43.7012,"slon":-88.106,"elat":43.6737,"elon":-88.0064,"OBJECTID":63509}},{"type":"Feature","id":63510,"geometry":{"type":"LineString","coordinates":[[-87.739399999934,43.6754999997936],[-87.734900000011,43.6782999997178]]},"properties":{"st":"WI","stf":55,"Date_Calc":"Tue, 28 Aug 2018 04:00:00 GMT","yr":2018,"mo":8,"dy":28,"date":"2018-08-28","time":"15:57:00","tz":3,"mag":0,"wid":75,"len":0.3,"fat":0,"inj":0,"closs":0,"loss":0,"om":616637,"stn":0,"fc":0,"slat":43.6755,"slon":-87.7394,"elat":43.6783,"elon":-87.7349,"OBJECTID":63510}},{"type":"Feature","id":63533,"geometry":null,"properties":{"st":"WI","stf":55,"Date_Calc":"Tue, 07 Aug 2018 04:00:00 GMT","yr":2018,"mo":8,"dy":7,"date":"2018-08-07","time":"11:39:00","tz":3,"mag":0,"wid":1,"len":0.01,"fat":0,"inj":0,"closs":0,"loss":0,"om":616579,"stn":0,"fc":0,"slat":45.71,"slon":-92.77,"elat":45.71,"elon":-92.77,"OBJECTID":63533}},{"type":"Feature","id":63537,"geometry":{"type":"LineString","coordinates":[[-89.0774999996602,43.0580000000541],[-89.0672000001558,43.0512000000318]]},"properties":{"st":"WI","stf":55,"Date_Calc":"Thu, 09 Aug 2018 04:00:00 GMT","yr":2018,"mo":8,"dy":9,"date":"2018-08-09","time":"14:47:00","tz":3,"mag":0,"wid":25,"len":0.7,"fat":0,"inj":0,"closs":0,"loss":50000,"om":616583,"stn":0,"fc":0,"slat":43.058,"slon":-89.0775,"elat":43.0512,"elon":-89.0672,"OBJECTID":63537}},{"type":"Feature","id":63611,"geometry":{"type":"LineString","coordinates":[[-92.4737999998291,44.7318000000367],[-92.4478000003737,44.7473000002975]]},"properties":{"st":"WI","stf":55,"Date_Calc":"Thu, 20 Sep 2018 04:00:00 GMT","yr":2018,"mo":9,"dy":20,"date":"2018-09-20","time":"18:27:00","tz":3,"mag":0,"wid":140,"len":1.67,"fat":0,"inj":0,"closs":0,"loss":0,"om":616741,"stn":0,"fc":0,"slat":44.7318,"slon":-92.4738,"elat":44.7473,"elon":-92.4478,"OBJECTID":63611}},{"type":"Feature","id":63706,"geometry":{"type":"LineString","coordinates":[[-88.9676999995623,42.932699999705],[-88.8325999996177,42.9026999996712]]},"properties":{"st":"WI","stf":55,"Date_Calc":"Tue, 01 Oct 2019 04:00:00 GMT","yr":2019,"mo":10,"dy":1,"date":"2019-10-01","time":"20:25:00","tz":3,"mag":0,"wid":80,"len":7.14,"fat":0,"inj":0,"closs":0,"loss":0,"om":618406,"stn":0,"fc":0,"slat":42.9327,"slon":-88.9677,"elat":42.9027,"elon":-88.8326,"OBJECTID":63706}},{"type":"Feature","id":63707,"geometry":{"type":"LineString","coordinates":[[-88.6273000001555,42.993500000041],[-88.3742000003331,42.9795000001894]]},"properties":{"st":"WI","stf":55,"Date_Calc":"Tue, 01 Oct 2019 04:00:00 GMT","yr":2019,"mo":10,"dy":1,"date":"2019-10-01","time":"20:42:00","tz":3,"mag":1,"wid":100,"len":12.83,"fat":0,"inj":0,"closs":0,"loss":0,"om":618407,"stn":0,"fc":0,"slat":42.9935,"slon":-88.6273,"elat":42.9795,"elon":-88.3742,"OBJECTID":63707}},{"type":"Feature","id":64426,"geometry":{"type":"LineString","coordinates":[[-91.0805000000292,43.7224000003229],[-91.0829000002277,43.7211000001761]]},"properties":{"st":"WI","stf":55,"Date_Calc":"Fri, 24 May 2019 04:00:00 GMT","yr":2019,"mo":5,"dy":24,"date":"2019-05-24","time":"19:40:00","tz":3,"mag":0,"wid":20,"len":0.15,"fat":0,"inj":0,"closs":4000,"loss":1000,"om":617778,"stn":0,"fc":0,"slat":43.7224,"slon":-91.0805,"elat":43.7211,"elon":-91.0829,"OBJECTID":64426}},{"type":"Feature","id":64728,"geometry":{"type":"LineString","coordinates":[[-90.6699999997654,45.5499999999713],[-90.3400000003204,45.4400000002228]]},"properties":{"st":"WI","stf":55,"Date_Calc":"Fri, 14 Jun 2019 04:00:00 GMT","yr":2019,"mo":6,"dy":14,"date":"2019-06-14","time":"17:54:00","tz":3,"mag":0,"wid":50,"len":17.4,"fat":0,"inj":0,"closs":0,"loss":0,"om":618022,"stn":0,"fc":0,"slat":45.55,"slon":-90.67,"elat":45.44,"elon":-90.34,"OBJECTID":64728}},{"type":"Feature","id":64907,"geometry":{"type":"LineString","coordinates":[[-89.4987000003597,44.1735999999375],[-89.4963999997204,44.1721000002585]]},"properties":{"st":"WI","stf":55,"Date_Calc":"Tue, 16 Jul 2019 04:00:00 GMT","yr":2019,"mo":7,"dy":16,"date":"2019-07-16","time":"16:35:00","tz":3,"mag":0,"wid":10,"len":0.15,"fat":0,"inj":0,"closs":0,"loss":0,"om":618186,"stn":0,"fc":0,"slat":44.1736,"slon":-89.4987,"elat":44.1721,"elon":-89.4964,"OBJECTID":64907}},{"type":"Feature","id":64920,"geometry":{"type":"LineString","coordinates":[[-91.6082000001045,46.3075999999723],[-91.5841999999162,46.3005000002723]]},"properties":{"st":"WI","stf":55,"Date_Calc":"Thu, 18 Jul 2019 04:00:00 GMT","yr":2019,"mo":7,"dy":18,"date":"2019-07-18","time":"13:29:00","tz":3,"mag":1,"wid":160,"len":1.3,"fat":0,"inj":0,"closs":0,"loss":0,"om":618199,"stn":0,"fc":0,"slat":46.3076,"slon":-91.6082,"elat":46.3005,"elon":-91.5842,"OBJECTID":64920}},{"type":"Feature","id":64923,"geometry":{"type":"LineString","coordinates":[[-90.7598999995649,43.6952000000108],[-90.7502999996693,43.6943000003012]]},"properties":{"st":"WI","stf":55,"Date_Calc":"Thu, 18 Jul 2019 04:00:00 GMT","yr":2019,"mo":7,"dy":18,"date":"2019-07-18","time":"22:42:00","tz":3,"mag":0,"wid":25,"len":0.48,"fat":0,"inj":0,"closs":0,"loss":40000,"om":618202,"stn":0,"fc":0,"slat":43.6952,"slon":-90.7599,"elat":43.6943,"elon":-90.7503,"OBJECTID":64923}},{"type":"Feature","id":64925,"geometry":{"type":"LineString","coordinates":[[-92.3097999997402,45.4927999999987],[-92.2985999997122,45.4825999997816]]},"properties":{"st":"WI","stf":55,"Date_Calc":"Fri, 19 Jul 2019 04:00:00 GMT","yr":2019,"mo":7,"dy":19,"date":"2019-07-19","time":"16:28:00","tz":3,"mag":0,"wid":75,"len":0.89,"fat":0,"inj":0,"closs":0,"loss":0,"om":618204,"stn":0,"fc":0,"slat":45.4928,"slon":-92.3098,"elat":45.4826,"elon":-92.2986,"OBJECTID":64925}},{"type":"Feature","id":64926,"geometry":{"type":"LineString","coordinates":[[-92.3574999996428,45.4481999997575],[-92.0831999998637,45.4051999997515]]},"properties":{"st":"WI","stf":55,"Date_Calc":"Fri, 19 Jul 2019 04:00:00 GMT","yr":2019,"mo":7,"dy":19,"date":"2019-07-19","time":"16:28:00","tz":3,"mag":1,"wid":600,"len":13.9,"fat":0,"inj":0,"closs":0,"loss":0,"om":618205,"stn":0,"fc":0,"slat":45.4482,"slon":-92.3575,"elat":45.4052,"elon":-92.0832,"OBJECTID":64926}},{"type":"Feature","id":64927,"geometry":{"type":"LineString","coordinates":[[-90.0356000002977,45.5510000000893],[-89.9022999996037,45.5373000000503]]},"properties":{"st":"WI","stf":55,"Date_Calc":"Fri, 19 Jul 2019 04:00:00 GMT","yr":2019,"mo":7,"dy":19,"date":"2019-07-19","time":"17:47:00","tz":3,"mag":0,"wid":50,"len":6.52,"fat":0,"inj":0,"closs":0,"loss":0,"om":618206,"stn":0,"fc":0,"slat":45.551,"slon":-90.0356,"elat":45.5373,"elon":-89.9023,"OBJECTID":64927}},{"type":"Feature","id":64928,"geometry":{"type":"LineString","coordinates":[[-90.6797000001185,44.9599000001051],[-90.6762000002782,44.9620999996917]]},"properties":{"st":"WI","stf":55,"Date_Calc":"Fri, 19 Jul 2019 04:00:00 GMT","yr":2019,"mo":7,"dy":19,"date":"2019-07-19","time":"18:17:00","tz":3,"mag":0,"wid":30,"len":0.23,"fat":0,"inj":0,"closs":0,"loss":30000,"om":618207,"stn":0,"fc":0,"slat":44.9599,"slon":-90.6797,"elat":44.9621,"elon":-90.6762,"OBJECTID":64928}},{"type":"Feature","id":64929,"geometry":{"type":"LineString","coordinates":[[-90.6116000003253,44.9858000002208],[-90.6076999995536,44.9887000003051]]},"properties":{"st":"WI","stf":55,"Date_Calc":"Fri, 19 Jul 2019 04:00:00 GMT","yr":2019,"mo":7,"dy":19,"date":"2019-07-19","time":"18:24:00","tz":3,"mag":1,"wid":40,"len":0.28,"fat":0,"inj":0,"closs":0,"loss":30000,"om":618208,"stn":0,"fc":0,"slat":44.9858,"slon":-90.6116,"elat":44.9887,"elon":-90.6077,"OBJECTID":64929}},{"type":"Feature","id":64930,"geometry":{"type":"LineString","coordinates":[[-89.389700000328,45.5377000002361],[-89.2785000001143,45.5281000002396]]},"properties":{"st":"WI","stf":55,"Date_Calc":"Fri, 19 Jul 2019 04:00:00 GMT","yr":2019,"mo":7,"dy":19,"date":"2019-07-19","time":"18:49:00","tz":3,"mag":0,"wid":50,"len":5.42,"fat":0,"inj":0,"closs":0,"loss":400000,"om":618209,"stn":0,"fc":0,"slat":45.5377,"slon":-89.3897,"elat":45.5281,"elon":-89.2785,"OBJECTID":64930}},{"type":"Feature","id":64931,"geometry":{"type":"LineString","coordinates":[[-89.7883000000567,44.7498999999011],[-89.6061000002592,44.7397999996936]]},"properties":{"st":"WI","stf":55,"Date_Calc":"Fri, 19 Jul 2019 04:00:00 GMT","yr":2019,"mo":7,"dy":19,"date":"2019-07-19","time":"19:20:00","tz":3,"mag":1,"wid":100,"len":8.97,"fat":0,"inj":0,"closs":0,"loss":25000,"om":618210,"stn":0,"fc":0,"slat":44.7499,"slon":-89.7883,"elat":44.7398,"elon":-89.6061,"OBJECTID":64931}},{"type":"Feature","id":64932,"geometry":{"type":"LineString","coordinates":[[-91.1829999999725,44.0990999997724],[-91.1668000004293,44.0948000003209]]},"properties":{"st":"WI","stf":55,"Date_Calc":"Sat, 20 Jul 2019 04:00:00 GMT","yr":2019,"mo":7,"dy":20,"date":"2019-07-20","time":"08:10:00","tz":3,"mag":0,"wid":50,"len":0.86,"fat":0,"inj":0,"closs":10000,"loss":0,"om":618211,"stn":0,"fc":0,"slat":44.0991,"slon":-91.183,"elat":44.0948,"elon":-91.1668,"OBJECTID":64932}},{"type":"Feature","id":64933,"geometry":{"type":"LineString","coordinates":[[-91.0825999997537,44.1070999999067],[-91.0523999999509,44.0977000001347]]},"properties":{"st":"WI","stf":55,"Date_Calc":"Sat, 20 Jul 2019 04:00:00 GMT","yr":2019,"mo":7,"dy":20,"date":"2019-07-20","time":"08:14:00","tz":3,"mag":0,"wid":50,"len":1.63,"fat":0,"inj":0,"closs":10000,"loss":0,"om":618212,"stn":0,"fc":0,"slat":44.1071,"slon":-91.0826,"elat":44.0977,"elon":-91.0524,"OBJECTID":64933}},{"type":"Feature","id":64934,"geometry":{"type":"LineString","coordinates":[[-89.0560999996869,44.333200000202],[-88.9089999996482,44.3628999999362]]},"properties":{"st":"WI","stf":55,"Date_Calc":"Sat, 20 Jul 2019 04:00:00 GMT","yr":2019,"mo":7,"dy":20,"date":"2019-07-20","time":"09:55:00","tz":3,"mag":1,"wid":80,"len":7.55,"fat":0,"inj":0,"closs":0,"loss":150000,"om":618213,"stn":0,"fc":0,"slat":44.3332,"slon":-89.0561,"elat":44.3629,"elon":-88.909,"OBJECTID":64934}},{"type":"Feature","id":64935,"geometry":{"type":"LineString","coordinates":[[-88.9345000004097,44.3114999997694],[-88.9083000000395,44.3170000001069]]},"properties":{"st":"WI","stf":55,"Date_Calc":"Sat, 20 Jul 2019 04:00:00 GMT","yr":2019,"mo":7,"dy":20,"date":"2019-07-20","time":"10:00:00","tz":3,"mag":0,"wid":50,"len":1.35,"fat":0,"inj":0,"closs":0,"loss":150000,"om":618214,"stn":0,"fc":0,"slat":44.3115,"slon":-88.9345,"elat":44.317,"elon":-88.9083,"OBJECTID":64935}},{"type":"Feature","id":64936,"geometry":{"type":"LineString","coordinates":[[-88.7609999999842,44.3547000002261],[-88.7371999998125,44.3627999997246]]},"properties":{"st":"WI","stf":55,"Date_Calc":"Sat, 20 Jul 2019 04:00:00 GMT","yr":2019,"mo":7,"dy":20,"date":"2019-07-20","time":"10:09:00","tz":3,"mag":0,"wid":75,"len":1.3,"fat":0,"inj":0,"closs":0,"loss":100000,"om":618215,"stn":0,"fc":0,"slat":44.3547,"slon":-88.761,"elat":44.3628,"elon":-88.7372,"OBJECTID":64936}},{"type":"Feature","id":64937,"geometry":{"type":"LineString","coordinates":[[-88.7371999998125,44.3626999999846],[-88.623000000249,44.4012000002652]]},"properties":{"st":"WI","stf":55,"Date_Calc":"Sat, 20 Jul 2019 04:00:00 GMT","yr":2019,"mo":7,"dy":20,"date":"2019-07-20","time":"10:10:00","tz":3,"mag":1,"wid":90,"len":6.24,"fat":0,"inj":0,"closs":0,"loss":25000,"om":618216,"stn":0,"fc":0,"slat":44.3627,"slon":-88.7372,"elat":44.4012,"elon":-88.623,"OBJECTID":64937}},{"type":"Feature","id":64938,"geometry":{"type":"LineString","coordinates":[[-88.5766999995638,44.3293999999605],[-88.5162999999583,44.3561000000777]]},"properties":{"st":"WI","stf":55,"Date_Calc":"Sat, 20 Jul 2019 04:00:00 GMT","yr":2019,"mo":7,"dy":20,"date":"2019-07-20","time":"10:18:00","tz":3,"mag":1,"wid":75,"len":3.51,"fat":0,"inj":0,"closs":0,"loss":75000,"om":618217,"stn":0,"fc":0,"slat":44.3294,"slon":-88.5767,"elat":44.3561,"elon":-88.5163,"OBJECTID":64938}},{"type":"Feature","id":64939,"geometry":{"type":"LineString","coordinates":[[-88.4977999997757,44.3157999996949],[-88.4859999996981,44.3219000000473]]},"properties":{"st":"WI","stf":55,"Date_Calc":"Sat, 20 Jul 2019 04:00:00 GMT","yr":2019,"mo":7,"dy":20,"date":"2019-07-20","time":"10:22:00","tz":3,"mag":0,"wid":50,"len":0.72,"fat":0,"inj":0,"closs":0,"loss":10000,"om":618218,"stn":0,"fc":0,"slat":44.3158,"slon":-88.4978,"elat":44.3219,"elon":-88.486,"OBJECTID":64939}},{"type":"Feature","id":64940,"geometry":{"type":"LineString","coordinates":[[-88.2129000000183,44.3026000001057],[-88.1931000001774,44.3100999999264]]},"properties":{"st":"WI","stf":55,"Date_Calc":"Sat, 20 Jul 2019 04:00:00 GMT","yr":2019,"mo":7,"dy":20,"date":"2019-07-20","time":"10:36:00","tz":3,"mag":0,"wid":50,"len":1.11,"fat":0,"inj":0,"closs":0,"loss":0,"om":618219,"stn":0,"fc":0,"slat":44.3026,"slon":-88.2129,"elat":44.3101,"elon":-88.1931,"OBJECTID":64940}},{"type":"Feature","id":64957,"geometry":{"type":"LineString","coordinates":[[-92.3955000000907,45.5195000001727],[-92.3610000003814,45.5843000000109]]},"properties":{"st":"WI","stf":55,"Date_Calc":"Sun, 28 Jul 2019 04:00:00 GMT","yr":2019,"mo":7,"dy":28,"date":"2019-07-28","time":"16:31:00","tz":3,"mag":0,"wid":100,"len":4.78,"fat":0,"inj":0,"closs":0,"loss":0,"om":618236,"stn":0,"fc":0,"slat":45.5195,"slon":-92.3955,"elat":45.5843,"elon":-92.361,"OBJECTID":64957}},{"type":"Feature","id":64958,"geometry":{"type":"LineString","coordinates":[[-91.7909000003926,45.3290000000204],[-91.7877999996871,45.3348000000763]]},"properties":{"st":"WI","stf":55,"Date_Calc":"Sun, 28 Jul 2019 04:00:00 GMT","yr":2019,"mo":7,"dy":28,"date":"2019-07-28","time":"17:41:00","tz":3,"mag":0,"wid":25,"len":0.43,"fat":0,"inj":0,"closs":0,"loss":0,"om":618237,"stn":0,"fc":0,"slat":45.329,"slon":-91.7909,"elat":45.3348,"elon":-91.7878,"OBJECTID":64958}},{"type":"Feature","id":64969,"geometry":{"type":"LineString","coordinates":[[-91.3457999999622,45.3166999997774],[-91.2029999998299,45.3614000001679]]},"properties":{"st":"WI","stf":55,"Date_Calc":"Thu, 04 Jul 2019 04:00:00 GMT","yr":2019,"mo":7,"dy":4,"date":"2019-07-04","time":"16:39:00","tz":3,"mag":0,"wid":100,"len":7.59,"fat":0,"inj":0,"closs":0,"loss":500000,"om":618147,"stn":0,"fc":0,"slat":45.3167,"slon":-91.3458,"elat":45.3614,"elon":-91.203,"OBJECTID":64969}},{"type":"Feature","id":65072,"geometry":{"type":"LineString","coordinates":[[-87.9879999998333,44.4951999998839],[-87.8816000000166,44.4474999997394]]},"properties":{"st":"WI","stf":55,"Date_Calc":"Wed, 07 Aug 2019 04:00:00 GMT","yr":2019,"mo":8,"dy":7,"date":"2019-08-07","time":"16:48:00","tz":3,"mag":0,"wid":90,"len":6.2,"fat":0,"inj":0,"closs":0,"loss":50000,"om":618251,"stn":0,"fc":0,"slat":44.4952,"slon":-87.988,"elat":44.4475,"elon":-87.8816,"OBJECTID":65072}},{"type":"Feature","id":65111,"geometry":{"type":"LineString","coordinates":[[-91.6907999997495,44.8649000000498],[-91.5638999995848,44.9105999997737]]},"properties":{"st":"WI","stf":55,"Date_Calc":"Tue, 24 Sep 2019 04:00:00 GMT","yr":2019,"mo":9,"dy":24,"date":"2019-09-24","time":"17:45:00","tz":3,"mag":3,"wid":725,"len":6.97,"fat":0,"inj":3,"closs":0,"loss":3250000,"om":618394,"stn":0,"fc":0,"slat":44.8649,"slon":-91.6908,"elat":44.9106,"elon":-91.5639,"OBJECTID":65111}},{"type":"Feature","id":65114,"geometry":{"type":"LineString","coordinates":[[-90.6426999997533,44.7110000001574],[-90.5542999996287,44.7366999998508]]},"properties":{"st":"WI","stf":55,"Date_Calc":"Tue, 24 Sep 2019 04:00:00 GMT","yr":2019,"mo":9,"dy":24,"date":"2019-09-24","time":"20:26:00","tz":3,"mag":1,"wid":60,"len":4.69,"fat":0,"inj":0,"closs":0,"loss":255000,"om":618397,"stn":0,"fc":0,"slat":44.711,"slon":-90.6427,"elat":44.7367,"elon":-90.5543,"OBJECTID":65114}},{"type":"Feature","id":65410,"geometry":{"type":"LineString","coordinates":[[-90.7066999996566,42.7059999997205],[-90.6636000001344,42.790299999839]]},"properties":{"st":"WI","stf":55,"Date_Calc":"Sat, 28 Mar 2020 04:00:00 GMT","yr":2020,"mo":3,"dy":28,"date":"2020-03-28","time":"19:35:00","tz":3,"mag":1,"wid":120,"len":6.22,"fat":0,"inj":0,"closs":0,"loss":180000,"om":618735,"stn":0,"fc":0,"slat":42.706,"slon":-90.7067,"elat":42.7903,"elon":-90.6636,"OBJECTID":65410}},{"type":"Feature","id":65848,"geometry":{"type":"LineString","coordinates":[[-88.6526000000021,44.1097000001051],[-88.650300000261,44.1127999997053]]},"properties":{"st":"WI","stf":55,"Date_Calc":"Sat, 20 Jun 2020 04:00:00 GMT","yr":2020,"mo":6,"dy":20,"date":"2020-06-20","time":"16:01:00","tz":3,"mag":0,"wid":50,"len":0.24,"fat":0,"inj":0,"closs":0,"loss":0,"om":619205,"stn":0,"fc":0,"slat":44.1097,"slon":-88.6526,"elat":44.1128,"elon":-88.6503,"OBJECTID":65848}},{"type":"Feature","id":65849,"geometry":{"type":"LineString","coordinates":[[-88.6581999995669,44.0847999997662],[-88.6422000000403,44.0951999998076]]},"properties":{"st":"WI","stf":55,"Date_Calc":"Sat, 20 Jun 2020 04:00:00 GMT","yr":2020,"mo":6,"dy":20,"date":"2020-06-20","time":"16:23:00","tz":3,"mag":0,"wid":75,"len":1.07,"fat":0,"inj":0,"closs":0,"loss":0,"om":619206,"stn":0,"fc":0,"slat":44.0848,"slon":-88.6582,"elat":44.0952,"elon":-88.6422,"OBJECTID":65849}},{"type":"Feature","id":65852,"geometry":{"type":"LineString","coordinates":[[-88.4665999998903,43.9139000000849],[-88.4494000002643,43.9610999997725]]},"properties":{"st":"WI","stf":55,"Date_Calc":"Sat, 20 Jun 2020 04:00:00 GMT","yr":2020,"mo":6,"dy":20,"date":"2020-06-20","time":"16:35:00","tz":3,"mag":0,"wid":75,"len":3.37,"fat":0,"inj":0,"closs":0,"loss":0,"om":619209,"stn":0,"fc":0,"slat":43.9139,"slon":-88.4666,"elat":43.9611,"elon":-88.4494,"OBJECTID":65852}},{"type":"Feature","id":65956,"geometry":{"type":"LineString","coordinates":[[-91.6701999998424,46.603600000027],[-91.6622999996382,46.6061999999406]]},"properties":{"st":"WI","stf":55,"Date_Calc":"Sat, 18 Jul 2020 04:00:00 GMT","yr":2020,"mo":7,"dy":18,"date":"2020-07-18","time":"00:48:00","tz":3,"mag":1,"wid":50,"len":0.42,"fat":0,"inj":0,"closs":0,"loss":0,"om":619304,"stn":0,"fc":0,"slat":46.6036,"slon":-91.6702,"elat":46.6062,"elon":-91.6623,"OBJECTID":65956}},{"type":"Feature","id":65957,"geometry":{"type":"LineString","coordinates":[[-90.9128000000834,46.4428999997789],[-90.9054000003697,46.4499000002892]]},"properties":{"st":"WI","stf":55,"Date_Calc":"Sat, 18 Jul 2020 04:00:00 GMT","yr":2020,"mo":7,"dy":18,"date":"2020-07-18","time":"01:51:00","tz":3,"mag":1,"wid":50,"len":0.6,"fat":0,"inj":0,"closs":0,"loss":0,"om":619305,"stn":0,"fc":0,"slat":46.4429,"slon":-90.9128,"elat":46.4499,"elon":-90.9054,"OBJECTID":65957}},{"type":"Feature","id":65960,"geometry":{"type":"LineString","coordinates":[[-91.2932999996626,44.5499999998453],[-91.2219000000456,44.5373000000104]]},"properties":{"st":"WI","stf":55,"Date_Calc":"Sat, 18 Jul 2020 04:00:00 GMT","yr":2020,"mo":7,"dy":18,"date":"2020-07-18","time":"23:50:00","tz":3,"mag":1,"wid":200,"len":3.62,"fat":0,"inj":0,"closs":3000,"loss":120000,"om":619308,"stn":0,"fc":0,"slat":44.55,"slon":-91.2933,"elat":44.5373,"elon":-91.2219,"OBJECTID":65960}},{"type":"Feature","id":65966,"geometry":{"type":"LineString","coordinates":[[-92.2239999998306,45.3424999999629],[-92.2200000003981,45.3424999999629]]},"properties":{"st":"WI","stf":55,"Date_Calc":"Tue, 21 Jul 2020 04:00:00 GMT","yr":2020,"mo":7,"dy":21,"date":"2020-07-21","time":"16:22:00","tz":3,"mag":0,"wid":25,"len":0.19,"fat":0,"inj":0,"closs":0,"loss":0,"om":619314,"stn":0,"fc":0,"slat":45.3425,"slon":-92.224,"elat":45.3425,"elon":-92.22,"OBJECTID":65966}},{"type":"Feature","id":65967,"geometry":{"type":"LineString","coordinates":[[-92.0919999996932,45.3397000002104],[-92.0603000002156,45.3413000000669]]},"properties":{"st":"WI","stf":55,"Date_Calc":"Tue, 21 Jul 2020 04:00:00 GMT","yr":2020,"mo":7,"dy":21,"date":"2020-07-21","time":"16:50:00","tz":3,"mag":0,"wid":20,"len":1.54,"fat":0,"inj":0,"closs":0,"loss":0,"om":619315,"stn":0,"fc":0,"slat":45.3397,"slon":-92.092,"elat":45.3413,"elon":-92.0603,"OBJECTID":65967}},{"type":"Feature","id":65968,"geometry":{"type":"LineString","coordinates":[[-91.8260999997106,45.1047000000093],[-91.8242999995617,45.1045999999245]]},"properties":{"st":"WI","stf":55,"Date_Calc":"Tue, 21 Jul 2020 04:00:00 GMT","yr":2020,"mo":7,"dy":21,"date":"2020-07-21","time":"17:40:00","tz":3,"mag":0,"wid":25,"len":0.09,"fat":0,"inj":0,"closs":0,"loss":0,"om":619316,"stn":0,"fc":0,"slat":45.1047,"slon":-91.8261,"elat":45.1046,"elon":-91.8243,"OBJECTID":65968}},{"type":"Feature","id":65969,"geometry":{"type":"LineString","coordinates":[[-91.5972000000931,44.9041000001822],[-91.5271999996936,44.9095000001453]]},"properties":{"st":"WI","stf":55,"Date_Calc":"Tue, 21 Jul 2020 04:00:00 GMT","yr":2020,"mo":7,"dy":21,"date":"2020-07-21","time":"19:12:00","tz":3,"mag":0,"wid":25,"len":3.45,"fat":0,"inj":0,"closs":0,"loss":0,"om":619317,"stn":0,"fc":0,"slat":44.9041,"slon":-91.5972,"elat":44.9095,"elon":-91.5272,"OBJECTID":65969}},{"type":"Feature","id":65970,"geometry":{"type":"LineString","coordinates":[[-91.1852999997135,44.9425000000934],[-91.1271999998491,44.9512000002267]]},"properties":{"st":"WI","stf":55,"Date_Calc":"Tue, 21 Jul 2020 04:00:00 GMT","yr":2020,"mo":7,"dy":21,"date":"2020-07-21","time":"19:44:00","tz":3,"mag":0,"wid":150,"len":2.9,"fat":0,"inj":0,"closs":0,"loss":0,"om":619318,"stn":0,"fc":0,"slat":44.9425,"slon":-91.1853,"elat":44.9512,"elon":-91.1272,"OBJECTID":65970}},{"type":"Feature","id":66030,"geometry":{"type":"LineString","coordinates":[[-90.8311999996228,42.6940000003236],[-90.8203999996279,42.6947000000847]]},"properties":{"st":"WI","stf":55,"Date_Calc":"Mon, 10 Aug 2020 04:00:00 GMT","yr":2020,"mo":8,"dy":10,"date":"2020-08-10","time":"11:32:00","tz":3,"mag":0,"wid":50,"len":0.55,"fat":0,"inj":0,"closs":0,"loss":15000,"om":619407,"stn":0,"fc":0,"slat":42.694,"slon":-90.8312,"elat":42.6947,"elon":-90.8204,"OBJECTID":66030}},{"type":"Feature","id":66040,"geometry":{"type":"LineString","coordinates":[[-88.4462999995588,42.5568000001998],[-88.4046999997115,42.5932999997304]]},"properties":{"st":"WI","stf":55,"Date_Calc":"Mon, 10 Aug 2020 04:00:00 GMT","yr":2020,"mo":8,"dy":10,"date":"2020-08-10","time":"14:38:00","tz":3,"mag":0,"wid":50,"len":3.29,"fat":0,"inj":0,"closs":0,"loss":12000,"om":619417,"stn":0,"fc":0,"slat":42.5568,"slon":-88.4463,"elat":42.5933,"elon":-88.4047,"OBJECTID":66040}},{"type":"Feature","id":66203,"geometry":{"type":"LineString","coordinates":[[-89.4718999999399,46.0265999998219],[-89.3478999995659,46.0507000002632]]},"properties":{"st":"WI","stf":55,"Date_Calc":"Sun, 09 Aug 2020 04:00:00 GMT","yr":2020,"mo":8,"dy":9,"date":"2020-08-09","time":"18:44:00","tz":3,"mag":1,"wid":400,"len":6.18,"fat":0,"inj":0,"closs":0,"loss":0,"om":619398,"stn":0,"fc":0,"slat":46.0266,"slon":-89.4719,"elat":46.0507,"elon":-89.3479,"OBJECTID":66203}},{"type":"Feature","id":66204,"geometry":{"type":"LineString","coordinates":[[-89.4044000001963,45.9059999999905],[-89.2832000000539,45.9017000000408]]},"properties":{"st":"WI","stf":55,"Date_Calc":"Sun, 09 Aug 2020 04:00:00 GMT","yr":2020,"mo":8,"dy":9,"date":"2020-08-09","time":"19:28:00","tz":3,"mag":1,"wid":250,"len":5.89,"fat":0,"inj":0,"closs":0,"loss":0,"om":619399,"stn":0,"fc":0,"slat":45.906,"slon":-89.4044,"elat":45.9017,"elon":-89.2832,"OBJECTID":66204}},{"type":"Feature","id":66205,"geometry":{"type":"LineString","coordinates":[[-88.7410000001267,45.9820000000823],[-88.6479999996217,45.988999999772]]},"properties":{"st":"WI","stf":55,"Date_Calc":"Sun, 09 Aug 2020 04:00:00 GMT","yr":2020,"mo":8,"dy":9,"date":"2020-08-09","time":"20:12:00","tz":3,"mag":1,"wid":250,"len":4.59,"fat":0,"inj":0,"closs":0,"loss":70000,"om":619400,"stn":0,"fc":0,"slat":45.982,"slon":-88.741,"elat":45.989,"elon":-88.648,"OBJECTID":66205}},{"type":"Feature","id":66231,"geometry":{"type":"LineString","coordinates":[[-90.4500000004348,46.3399999998452],[-90.4399999996078,46.3399999998452]]},"properties":{"st":"WI","stf":55,"Date_Calc":"Fri, 25 Sep 2020 04:00:00 GMT","yr":2020,"mo":9,"dy":25,"date":"2020-09-25","time":"18:52:00","tz":3,"mag":0,"wid":50,"len":0.8,"fat":0,"inj":0,"closs":0,"loss":0,"om":619551,"stn":0,"fc":0,"slat":46.34,"slon":-90.45,"elat":46.34,"elon":-90.44,"OBJECTID":66231}},{"type":"Feature","id":66600,"geometry":{"type":"LineString","coordinates":[[-91.4558000000766,44.0058999999203],[-91.4431999999329,44.0114999999107]]},"properties":{"st":"WI","stf":55,"Date_Calc":"Wed, 15 Dec 2021 05:00:00 GMT","yr":2021,"mo":12,"dy":15,"date":"2021-12-15","time":"20:23:00","tz":3,"mag":0,"wid":25,"len":0.74,"fat":0,"inj":0,"closs":0,"loss":520000,"om":620912,"stn":0,"fc":0,"slat":44.0059,"slon":-91.4558,"elat":44.0115,"elon":-91.4432,"OBJECTID":66600}},{"type":"Feature","id":66601,"geometry":{"type":"LineString","coordinates":[[-91.1829000004134,44.4994999996884],[-91.1546000003186,44.5326000002986]]},"properties":{"st":"WI","stf":55,"Date_Calc":"Wed, 15 Dec 2021 05:00:00 GMT","yr":2021,"mo":12,"dy":15,"date":"2021-12-15","time":"20:53:00","tz":3,"mag":1,"wid":70,"len":2.68,"fat":0,"inj":0,"closs":0,"loss":110000,"om":620913,"stn":0,"fc":0,"slat":44.4995,"slon":-91.1829,"elat":44.5326,"elon":-91.1546,"OBJECTID":66601}},{"type":"Feature","id":66602,"geometry":{"type":"LineString","coordinates":[[-91.0760999996653,44.6017000001047],[-91.000899999734,44.682700000228]]},"properties":{"st":"WI","stf":55,"Date_Calc":"Wed, 15 Dec 2021 05:00:00 GMT","yr":2021,"mo":12,"dy":15,"date":"2021-12-15","time":"21:00:00","tz":3,"mag":0,"wid":75,"len":6.71,"fat":0,"inj":0,"closs":0,"loss":0,"om":620914,"stn":0,"fc":0,"slat":44.6017,"slon":-91.0761,"elat":44.6827,"elon":-91.0009,"OBJECTID":66602}},{"type":"Feature","id":66603,"geometry":{"type":"LineString","coordinates":[[-91.3038999996409,44.9012000002706],[-91.263899999926,44.973200000189]]},"properties":{"st":"WI","stf":55,"Date_Calc":"Wed, 15 Dec 2021 05:00:00 GMT","yr":2021,"mo":12,"dy":15,"date":"2021-12-15","time":"21:02:00","tz":3,"mag":0,"wid":75,"len":5.35,"fat":0,"inj":0,"closs":0,"loss":0,"om":620915,"stn":0,"fc":0,"slat":44.9012,"slon":-91.3039,"elat":44.9732,"elon":-91.2639,"OBJECTID":66603}},{"type":"Feature","id":66604,"geometry":{"type":"LineString","coordinates":[[-90.8040000000681,44.503900000299],[-90.7661999996368,44.5402000003085]]},"properties":{"st":"WI","stf":55,"Date_Calc":"Wed, 15 Dec 2021 05:00:00 GMT","yr":2021,"mo":12,"dy":15,"date":"2021-12-15","time":"21:05:00","tz":3,"mag":2,"wid":250,"len":3.13,"fat":0,"inj":0,"closs":0,"loss":60000,"om":620916,"stn":0,"fc":0,"slat":44.5039,"slon":-90.804,"elat":44.5402,"elon":-90.7662,"OBJECTID":66604}},{"type":"Feature","id":66605,"geometry":{"type":"LineString","coordinates":[[-90.74909999957,44.5110000000391],[-90.731800000385,44.5495999997848]]},"properties":{"st":"WI","stf":55,"Date_Calc":"Wed, 15 Dec 2021 05:00:00 GMT","yr":2021,"mo":12,"dy":15,"date":"2021-12-15","time":"21:07:00","tz":3,"mag":2,"wid":250,"len":2.8,"fat":0,"inj":0,"closs":0,"loss":200000,"om":620917,"stn":0,"fc":0,"slat":44.511,"slon":-90.7491,"elat":44.5496,"elon":-90.7318,"OBJECTID":66605}},{"type":"Feature","id":66606,"geometry":{"type":"LineString","coordinates":[[-90.5798999999493,44.597499999956],[-90.5713000001364,44.6126999998166]]},"properties":{"st":"WI","stf":55,"Date_Calc":"Wed, 15 Dec 2021 05:00:00 GMT","yr":2021,"mo":12,"dy":15,"date":"2021-12-15","time":"21:16:00","tz":3,"mag":2,"wid":50,"len":1.13,"fat":0,"inj":0,"closs":0,"loss":200000,"om":620918,"stn":0,"fc":0,"slat":44.5975,"slon":-90.5799,"elat":44.6127,"elon":-90.5713,"OBJECTID":66606}},{"type":"Feature","id":66607,"geometry":{"type":"LineString","coordinates":[[-90.9833999996341,44.9010000002602],[-90.900300000397,44.9904000002523]]},"properties":{"st":"WI","stf":55,"Date_Calc":"Wed, 15 Dec 2021 05:00:00 GMT","yr":2021,"mo":12,"dy":15,"date":"2021-12-15","time":"21:16:00","tz":3,"mag":2,"wid":75,"len":7.41,"fat":0,"inj":0,"closs":0,"loss":120000,"om":620919,"stn":0,"fc":0,"slat":44.901,"slon":-90.9834,"elat":44.9904,"elon":-90.9003,"OBJECTID":66607}},{"type":"Feature","id":66608,"geometry":{"type":"LineString","coordinates":[[-90.664200000184,44.7667000000534],[-90.6509000004315,44.7756999997692]]},"properties":{"st":"WI","stf":55,"Date_Calc":"Wed, 15 Dec 2021 05:00:00 GMT","yr":2021,"mo":12,"dy":15,"date":"2021-12-15","time":"21:22:00","tz":3,"mag":1,"wid":50,"len":0.9,"fat":0,"inj":0,"closs":0,"loss":160000,"om":620920,"stn":0,"fc":0,"slat":44.7667,"slon":-90.6642,"elat":44.7757,"elon":-90.6509,"OBJECTID":66608}},{"type":"Feature","id":67192,"geometry":{"type":"LineString","coordinates":[[-91.2143000003154,45.4454999999966],[-91.2188000002384,45.4571999998523]]},"properties":{"st":"WI","stf":55,"Date_Calc":"Thu, 24 Jun 2021 04:00:00 GMT","yr":2021,"mo":6,"dy":24,"date":"2021-06-24","time":"14:32:00","tz":3,"mag":0,"wid":25,"len":0.84,"fat":0,"inj":0,"closs":0,"loss":20000,"om":620199,"stn":0,"fc":0,"slat":45.4455,"slon":-91.2143,"elat":45.4572,"elon":-91.2188,"OBJECTID":67192}},{"type":"Feature","id":67193,"geometry":{"type":"LineString","coordinates":[[-90.933600000007,44.9548000003021],[-90.9297999996927,44.9542000002908]]},"properties":{"st":"WI","stf":55,"Date_Calc":"Thu, 24 Jun 2021 04:00:00 GMT","yr":2021,"mo":6,"dy":24,"date":"2021-06-24","time":"15:24:00","tz":3,"mag":0,"wid":25,"len":0.19,"fat":0,"inj":0,"closs":0,"loss":0,"om":620200,"stn":0,"fc":0,"slat":44.9548,"slon":-90.9336,"elat":44.9542,"elon":-90.9298,"OBJECTID":67193}},{"type":"Feature","id":67303,"geometry":{"type":"LineString","coordinates":[[-89.6000000002038,45.1399999996927],[-89.5943999997407,45.1011000000977]]},"properties":{"st":"WI","stf":55,"Date_Calc":"Wed, 28 Jul 2021 04:00:00 GMT","yr":2021,"mo":7,"dy":28,"date":"2021-07-28","time":"19:40:00","tz":3,"mag":1,"wid":300,"len":2.7,"fat":0,"inj":0,"closs":0,"loss":0,"om":620310,"stn":0,"fc":0,"slat":45.14,"slon":-89.6,"elat":45.1011,"elon":-89.5944,"OBJECTID":67303}},{"type":"Feature","id":67304,"geometry":{"type":"LineString","coordinates":[[-89.4464000000767,44.7756000002147],[-89.4437000003025,44.7730000001203]]},"properties":{"st":"WI","stf":55,"Date_Calc":"Wed, 28 Jul 2021 04:00:00 GMT","yr":2021,"mo":7,"dy":28,"date":"2021-07-28","time":"20:18:00","tz":3,"mag":0,"wid":100,"len":0.22,"fat":0,"inj":0,"closs":0,"loss":0,"om":620311,"stn":0,"fc":0,"slat":44.7756,"slon":-89.4464,"elat":44.773,"elon":-89.4437,"OBJECTID":67304}},{"type":"Feature","id":67305,"geometry":{"type":"LineString","coordinates":[[-92.4821999996255,45.081799999851],[-92.46439999995,45.0009000000943]]},"properties":{"st":"WI","stf":55,"Date_Calc":"Wed, 28 Jul 2021 04:00:00 GMT","yr":2021,"mo":7,"dy":28,"date":"2021-07-28","time":"20:48:00","tz":3,"mag":1,"wid":100,"len":5.66,"fat":0,"inj":0,"closs":0,"loss":175000,"om":620312,"stn":0,"fc":0,"slat":45.0818,"slon":-92.4822,"elat":45.0009,"elon":-92.4644,"OBJECTID":67305}},{"type":"Feature","id":67306,"geometry":{"type":"LineString","coordinates":[[-88.9386999998588,44.0993000001481],[-88.9354999995941,44.0930999997374]]},"properties":{"st":"WI","stf":55,"Date_Calc":"Wed, 28 Jul 2021 04:00:00 GMT","yr":2021,"mo":7,"dy":28,"date":"2021-07-28","time":"22:06:00","tz":3,"mag":0,"wid":33,"len":0.47,"fat":0,"inj":0,"closs":0,"loss":0,"om":620313,"stn":0,"fc":0,"slat":44.0993,"slon":-88.9387,"elat":44.0931,"elon":-88.9355,"OBJECTID":67306}},{"type":"Feature","id":67307,"geometry":{"type":"LineString","coordinates":[[-89.4890000000067,43.4967999998924],[-89.4511999995754,43.4792000002927]]},"properties":{"st":"WI","stf":55,"Date_Calc":"Wed, 28 Jul 2021 04:00:00 GMT","yr":2021,"mo":7,"dy":28,"date":"2021-07-28","time":"23:10:00","tz":3,"mag":1,"wid":100,"len":2.25,"fat":0,"inj":0,"closs":0,"loss":500000,"om":620314,"stn":0,"fc":0,"slat":43.4968,"slon":-89.489,"elat":43.4792,"elon":-89.4512,"OBJECTID":67307}},{"type":"Feature","id":67308,"geometry":{"type":"LineString","coordinates":[[-89.0499999996316,43.3556999999657],[-89.0425999999179,43.3526000000262]]},"properties":{"st":"WI","stf":55,"Date_Calc":"Wed, 28 Jul 2021 04:00:00 GMT","yr":2021,"mo":7,"dy":28,"date":"2021-07-28","time":"23:41:00","tz":3,"mag":0,"wid":50,"len":0.43,"fat":0,"inj":0,"closs":0,"loss":0,"om":620315,"stn":0,"fc":0,"slat":43.3557,"slon":-89.05,"elat":43.3526,"elon":-89.0426,"OBJECTID":67308}},{"type":"Feature","id":67309,"geometry":{"type":"LineString","coordinates":[[-89.6872999997883,43.1616000002478],[-89.6414999995937,43.1011000000311]]},"properties":{"st":"WI","stf":55,"Date_Calc":"Wed, 28 Jul 2021 04:00:00 GMT","yr":2021,"mo":7,"dy":28,"date":"2021-07-28","time":"23:41:00","tz":3,"mag":0,"wid":50,"len":4.78,"fat":0,"inj":0,"closs":0,"loss":0,"om":620316,"stn":0,"fc":0,"slat":43.1616,"slon":-89.6873,"elat":43.1011,"elon":-89.6415,"OBJECTID":67309}},{"type":"Feature","id":67310,"geometry":{"type":"LineString","coordinates":[[-89.6289000003482,43.1135999996947],[-89.6141999995816,43.0751000002152]]},"properties":{"st":"WI","stf":55,"Date_Calc":"Wed, 28 Jul 2021 04:00:00 GMT","yr":2021,"mo":7,"dy":28,"date":"2021-07-28","time":"23:41:00","tz":3,"mag":1,"wid":250,"len":2.76,"fat":0,"inj":0,"closs":0,"loss":0,"om":620317,"stn":0,"fc":0,"slat":43.1136,"slon":-89.6289,"elat":43.0751,"elon":-89.6142,"OBJECTID":67310}},{"type":"Feature","id":67311,"geometry":{"type":"LineString","coordinates":[[-89.5868999995695,43.0758999997181],[-89.5711000000594,43.0424999997693]]},"properties":{"st":"WI","stf":55,"Date_Calc":"Wed, 28 Jul 2021 04:00:00 GMT","yr":2021,"mo":7,"dy":28,"date":"2021-07-28","time":"23:47:00","tz":3,"mag":1,"wid":125,"len":2.44,"fat":0,"inj":0,"closs":0,"loss":0,"om":620318,"stn":0,"fc":0,"slat":43.0759,"slon":-89.5869,"elat":43.0425,"elon":-89.5711,"OBJECTID":67311}},{"type":"Feature","id":67312,"geometry":{"type":"LineString","coordinates":[[-89.5537999999761,43.0448000001721],[-89.5266999999806,42.9979000000355]]},"properties":{"st":"WI","stf":55,"Date_Calc":"Wed, 28 Jul 2021 04:00:00 GMT","yr":2021,"mo":7,"dy":28,"date":"2021-07-28","time":"23:48:00","tz":3,"mag":0,"wid":75,"len":3.52,"fat":0,"inj":0,"closs":0,"loss":10000,"om":620319,"stn":0,"fc":0,"slat":43.0448,"slon":-89.5538,"elat":42.9979,"elon":-89.5267,"OBJECTID":67312}},{"type":"Feature","id":67313,"geometry":{"type":"LineString","coordinates":[[-88.802399999815,43.1750999999252],[-88.7070000000097,43.1245000001612]]},"properties":{"st":"WI","stf":55,"Date_Calc":"Thu, 29 Jul 2021 04:00:00 GMT","yr":2021,"mo":7,"dy":29,"date":"2021-07-29","time":"00:05:00","tz":3,"mag":0,"wid":100,"len":5.95,"fat":0,"inj":0,"closs":0,"loss":0,"om":620320,"stn":0,"fc":0,"slat":43.1751,"slon":-88.8024,"elat":43.1245,"elon":-88.707,"OBJECTID":67313}},{"type":"Feature","id":67314,"geometry":{"type":"LineString","coordinates":[[-88.744400000408,43.1155000001497],[-88.6917999996509,43.0802999999203]]},"properties":{"st":"WI","stf":55,"Date_Calc":"Thu, 29 Jul 2021 04:00:00 GMT","yr":2021,"mo":7,"dy":29,"date":"2021-07-29","time":"00:07:00","tz":3,"mag":0,"wid":25,"len":3.6,"fat":0,"inj":0,"closs":0,"loss":0,"om":620321,"stn":0,"fc":0,"slat":43.1155,"slon":-88.7444,"elat":43.0803,"elon":-88.6918,"OBJECTID":67314}},{"type":"Feature","id":67315,"geometry":{"type":"LineString","coordinates":[[-88.6686999999862,43.1208000000191],[-88.5492999999926,43.0516999999608]]},"properties":{"st":"WI","stf":55,"Date_Calc":"Thu, 29 Jul 2021 04:00:00 GMT","yr":2021,"mo":7,"dy":29,"date":"2021-07-29","time":"00:07:00","tz":3,"mag":1,"wid":200,"len":7.69,"fat":0,"inj":0,"closs":0,"loss":0,"om":620322,"stn":0,"fc":0,"slat":43.1208,"slon":-88.6687,"elat":43.0517,"elon":-88.5493,"OBJECTID":67315}},{"type":"Feature","id":67316,"geometry":{"type":"LineString","coordinates":[[-88.5470999998107,43.0153999999384],[-88.5014999996326,42.9865000001259]]},"properties":{"st":"WI","stf":55,"Date_Calc":"Thu, 29 Jul 2021 04:00:00 GMT","yr":2021,"mo":7,"dy":29,"date":"2021-07-29","time":"00:23:00","tz":3,"mag":1,"wid":150,"len":4.67,"fat":0,"inj":0,"closs":0,"loss":0,"om":620323,"stn":0,"fc":0,"slat":43.0154,"slon":-88.5471,"elat":42.9865,"elon":-88.5015,"OBJECTID":67316}},{"type":"Feature","id":67317,"geometry":{"type":"LineString","coordinates":[[-88.490400000062,43.0358000002814],[-88.4832000003649,43.0217999999533]]},"properties":{"st":"WI","stf":55,"Date_Calc":"Thu, 29 Jul 2021 04:00:00 GMT","yr":2021,"mo":7,"dy":29,"date":"2021-07-29","time":"00:26:00","tz":3,"mag":1,"wid":75,"len":1.03,"fat":0,"inj":0,"closs":0,"loss":0,"om":620324,"stn":0,"fc":0,"slat":43.0358,"slon":-88.4904,"elat":43.0218,"elon":-88.4832,"OBJECTID":67317}},{"type":"Feature","id":67318,"geometry":{"type":"LineString","coordinates":[[-88.3463999998305,43.0306000000671],[-88.3202999999177,43.0008999998303]]},"properties":{"st":"WI","stf":55,"Date_Calc":"Thu, 29 Jul 2021 04:00:00 GMT","yr":2021,"mo":7,"dy":29,"date":"2021-07-29","time":"00:32:00","tz":3,"mag":0,"wid":50,"len":2.44,"fat":0,"inj":0,"closs":0,"loss":0,"om":620325,"stn":0,"fc":0,"slat":43.0306,"slon":-88.3464,"elat":43.0009,"elon":-88.3203,"OBJECTID":67318}},{"type":"Feature","id":67319,"geometry":{"type":"LineString","coordinates":[[-88.3078000002314,42.9849999998784],[-88.2986999999279,42.9741000001407]]},"properties":{"st":"WI","stf":55,"Date_Calc":"Thu, 29 Jul 2021 04:00:00 GMT","yr":2021,"mo":7,"dy":29,"date":"2021-07-29","time":"00:38:00","tz":3,"mag":1,"wid":95,"len":0.88,"fat":0,"inj":0,"closs":0,"loss":0,"om":620326,"stn":0,"fc":0,"slat":42.985,"slon":-88.3078,"elat":42.9741,"elon":-88.2987,"OBJECTID":67319}},{"type":"Feature","id":67380,"geometry":{"type":"LineString","coordinates":[[-88.5295999997108,44.5383000001344],[-88.4908000000951,44.5299000001853]]},"properties":{"st":"WI","stf":55,"Date_Calc":"Tue, 10 Aug 2021 04:00:00 GMT","yr":2021,"mo":8,"dy":10,"date":"2021-08-10","time":"16:58:00","tz":3,"mag":1,"wid":40,"len":2.05,"fat":0,"inj":0,"closs":0,"loss":0,"om":620395,"stn":0,"fc":0,"slat":44.5383,"slon":-88.5296,"elat":44.5299,"elon":-88.4908,"OBJECTID":67380}},{"type":"Feature","id":67383,"geometry":{"type":"LineString","coordinates":[[-90.6414999996541,43.8562000001428],[-90.5240000002668,43.8443000000669]]},"properties":{"st":"WI","stf":55,"Date_Calc":"Wed, 11 Aug 2021 04:00:00 GMT","yr":2021,"mo":8,"dy":11,"date":"2021-08-11","time":"12:45:00","tz":3,"mag":1,"wid":80,"len":5.91,"fat":0,"inj":0,"closs":9000,"loss":40000,"om":620398,"stn":0,"fc":0,"slat":43.8562,"slon":-90.6415,"elat":43.8443,"elon":-90.524,"OBJECTID":67383}},{"type":"Feature","id":67385,"geometry":{"type":"LineString","coordinates":[[-90.5112000001065,43.8608000002939],[-90.4566999996415,43.8689999997806]]},"properties":{"st":"WI","stf":55,"Date_Calc":"Wed, 11 Aug 2021 04:00:00 GMT","yr":2021,"mo":8,"dy":11,"date":"2021-08-11","time":"12:55:00","tz":3,"mag":1,"wid":75,"len":2.77,"fat":0,"inj":0,"closs":8000,"loss":3000,"om":620400,"stn":0,"fc":0,"slat":43.8608,"slon":-90.5112,"elat":43.869,"elon":-90.4567,"OBJECTID":67385}},{"type":"Feature","id":67387,"geometry":{"type":"LineString","coordinates":[[-88.3125000001709,44.6593999998626],[-88.3050999995589,44.6591000002956]]},"properties":{"st":"WI","stf":55,"Date_Calc":"Wed, 11 Aug 2021 04:00:00 GMT","yr":2021,"mo":8,"dy":11,"date":"2021-08-11","time":"13:08:00","tz":3,"mag":0,"wid":41,"len":0.37,"fat":0,"inj":0,"closs":0,"loss":0,"om":620402,"stn":0,"fc":0,"slat":44.6594,"slon":-88.3125,"elat":44.6591,"elon":-88.3051,"OBJECTID":67387}},{"type":"Feature","id":67388,"geometry":{"type":"LineString","coordinates":[[-88.2450000004274,44.6749000000443],[-88.1996999998249,44.66970000028]]},"properties":{"st":"WI","stf":55,"Date_Calc":"Wed, 11 Aug 2021 04:00:00 GMT","yr":2021,"mo":8,"dy":11,"date":"2021-08-11","time":"13:14:00","tz":3,"mag":0,"wid":75,"len":2.27,"fat":0,"inj":0,"closs":0,"loss":0,"om":620403,"stn":0,"fc":0,"slat":44.6749,"slon":-88.245,"elat":44.6697,"elon":-88.1997,"OBJECTID":67388}},{"type":"Feature","id":67390,"geometry":{"type":"LineString","coordinates":[[-90.2903999998115,42.8981999999845],[-90.2903000002523,42.8964000000191]]},"properties":{"st":"WI","stf":55,"Date_Calc":"Wed, 11 Aug 2021 04:00:00 GMT","yr":2021,"mo":8,"dy":11,"date":"2021-08-11","time":"17:08:00","tz":3,"mag":0,"wid":25,"len":0.12,"fat":0,"inj":0,"closs":0,"loss":0,"om":620405,"stn":0,"fc":0,"slat":42.8982,"slon":-90.2904,"elat":42.8964,"elon":-90.2903,"OBJECTID":67390}},{"type":"Feature","id":67391,"geometry":{"type":"LineString","coordinates":[[-90.1128999999534,42.8748000001984],[-90.0931999996716,42.8733999997623]]},"properties":{"st":"WI","stf":55,"Date_Calc":"Wed, 11 Aug 2021 04:00:00 GMT","yr":2021,"mo":8,"dy":11,"date":"2021-08-11","time":"17:12:00","tz":3,"mag":0,"wid":25,"len":1,"fat":0,"inj":0,"closs":0,"loss":0,"om":620406,"stn":0,"fc":0,"slat":42.8748,"slon":-90.1129,"elat":42.8734,"elon":-90.0932,"OBJECTID":67391}},{"type":"Feature","id":67499,"geometry":{"type":"LineString","coordinates":[[-90.71989999985,43.1305000000384],[-90.54950000013,43.0763000001462]]},"properties":{"st":"WI","stf":55,"Date_Calc":"Sat, 07 Aug 2021 04:00:00 GMT","yr":2021,"mo":8,"dy":7,"date":"2021-08-07","time":"15:29:00","tz":3,"mag":3,"wid":1100,"len":9.38,"fat":0,"inj":0,"closs":25000,"loss":430000,"om":620361,"stn":0,"fc":0,"slat":43.1305,"slon":-90.7199,"elat":43.0763,"elon":-90.5495,"OBJECTID":67499}},{"type":"Feature","id":67500,"geometry":{"type":"LineString","coordinates":[[-90.3936999998209,43.0799000000142],[-90.2426999999088,43.061800000083]]},"properties":{"st":"WI","stf":55,"Date_Calc":"Sat, 07 Aug 2021 04:00:00 GMT","yr":2021,"mo":8,"dy":7,"date":"2021-08-07","time":"16:09:00","tz":3,"mag":1,"wid":50,"len":7.72,"fat":0,"inj":0,"closs":0,"loss":0,"om":620362,"stn":0,"fc":0,"slat":43.0799,"slon":-90.3937,"elat":43.0618,"elon":-90.2427,"OBJECTID":67500}},{"type":"Feature","id":67501,"geometry":{"type":"LineString","coordinates":[[-89.5544000000257,43.9830000002958],[-89.5409000002567,44.0321999999343]]},"properties":{"st":"WI","stf":55,"Date_Calc":"Sun, 08 Aug 2021 04:00:00 GMT","yr":2021,"mo":8,"dy":8,"date":"2021-08-08","time":"14:52:00","tz":3,"mag":1,"wid":350,"len":3.48,"fat":0,"inj":0,"closs":0,"loss":0,"om":620363,"stn":0,"fc":0,"slat":43.983,"slon":-89.5544,"elat":44.0322,"elon":-89.5409,"OBJECTID":67501}},{"type":"Feature","id":67511,"geometry":{"type":"LineString","coordinates":[[-88.9093000001222,42.5578999998577],[-88.8594000000376,42.5870999996948]]},"properties":{"st":"WI","stf":55,"Date_Calc":"Mon, 09 Aug 2021 04:00:00 GMT","yr":2021,"mo":8,"dy":9,"date":"2021-08-09","time":"13:52:00","tz":3,"mag":0,"wid":25,"len":3.24,"fat":0,"inj":0,"closs":0,"loss":0,"om":620373,"stn":0,"fc":0,"slat":42.5579,"slon":-88.9093,"elat":42.5871,"elon":-88.8594,"OBJECTID":67511}},{"type":"Feature","id":67538,"geometry":{"type":"LineString","coordinates":[[-91.450700000104,44.4230000001492],[-91.342399999681,44.5185000002903]]},"properties":{"st":"WI","stf":55,"Date_Calc":"Mon, 20 Sep 2021 04:00:00 GMT","yr":2021,"mo":9,"dy":20,"date":"2021-09-20","time":"16:56:00","tz":3,"mag":1,"wid":100,"len":8.49,"fat":0,"inj":1,"closs":0,"loss":450000,"om":620535,"stn":0,"fc":0,"slat":44.423,"slon":-91.4507,"elat":44.5185,"elon":-91.3424,"OBJECTID":67538}},{"type":"Feature","id":67559,"geometry":{"type":"LineString","coordinates":[[-88.8005999996661,43.1746000002505],[-88.791900000294,43.1719000003185]]},"properties":{"st":"WI","stf":55,"Date_Calc":"Wed, 12 Oct 2022 04:00:00 GMT","yr":2022,"mo":10,"dy":12,"date":"2022-10-12","time":"10:13:00","tz":3,"mag":0,"wid":25,"len":0.48,"fat":0,"inj":0,"closs":0,"loss":0,"om":621927,"stn":0,"fc":0,"slat":43.1746,"slon":-88.8006,"elat":43.1719,"elon":-88.7919,"OBJECTID":67559}},{"type":"Feature","id":67560,"geometry":{"type":"LineString","coordinates":[[-88.8178000001903,43.0757000001653],[-88.8092999999365,43.0739999999227]]},"properties":{"st":"WI","stf":55,"Date_Calc":"Wed, 12 Oct 2022 04:00:00 GMT","yr":2022,"mo":10,"dy":12,"date":"2022-10-12","time":"10:18:00","tz":3,"mag":0,"wid":25,"len":0.44,"fat":0,"inj":0,"closs":0,"loss":0,"om":621928,"stn":0,"fc":0,"slat":43.0757,"slon":-88.8178,"elat":43.074,"elon":-88.8093,"OBJECTID":67560}},{"type":"Feature","id":67561,"geometry":{"type":"LineString","coordinates":[[-88.5853999998342,42.9653999998723],[-88.5717000000486,42.9600000002926]]},"properties":{"st":"WI","stf":55,"Date_Calc":"Wed, 12 Oct 2022 04:00:00 GMT","yr":2022,"mo":10,"dy":12,"date":"2022-10-12","time":"10:42:00","tz":3,"mag":0,"wid":25,"len":0.79,"fat":0,"inj":0,"closs":0,"loss":0,"om":621929,"stn":0,"fc":0,"slat":42.9654,"slon":-88.5854,"elat":42.96,"elon":-88.5717,"OBJECTID":67561}},{"type":"Feature","id":67562,"geometry":{"type":"LineString","coordinates":[[-88.3812000000137,43.1016999998411],[-88.3691000003605,43.1011000000311]]},"properties":{"st":"WI","stf":55,"Date_Calc":"Wed, 12 Oct 2022 04:00:00 GMT","yr":2022,"mo":10,"dy":12,"date":"2022-10-12","time":"10:48:00","tz":3,"mag":0,"wid":50,"len":0.61,"fat":0,"inj":0,"closs":0,"loss":0,"om":621930,"stn":0,"fc":0,"slat":43.1017,"slon":-88.3812,"elat":43.1011,"elon":-88.3691,"OBJECTID":67562}},{"type":"Feature","id":67563,"geometry":{"type":"LineString","coordinates":[[-88.3769999996664,42.5956000000697],[-88.339099999676,42.5741000001561]]},"properties":{"st":"WI","stf":55,"Date_Calc":"Wed, 12 Oct 2022 04:00:00 GMT","yr":2022,"mo":10,"dy":12,"date":"2022-10-12","time":"11:17:00","tz":3,"mag":0,"wid":40,"len":2.43,"fat":0,"inj":0,"closs":0,"loss":0,"om":621931,"stn":0,"fc":0,"slat":42.5956,"slon":-88.377,"elat":42.5741,"elon":-88.3391,"OBJECTID":67563}},{"type":"Feature","id":67564,"geometry":{"type":"LineString","coordinates":[[-88.0433999999236,43.0062000001071],[-87.9863000001419,42.9910000000666]]},"properties":{"st":"WI","stf":55,"Date_Calc":"Wed, 12 Oct 2022 04:00:00 GMT","yr":2022,"mo":10,"dy":12,"date":"2022-10-12","time":"11:17:00","tz":3,"mag":0,"wid":40,"len":3.07,"fat":0,"inj":0,"closs":0,"loss":0,"om":621932,"stn":0,"fc":0,"slat":43.0062,"slon":-88.0434,"elat":42.991,"elon":-87.9863,"OBJECTID":67564}},{"type":"Feature","id":67565,"geometry":{"type":"LineString","coordinates":[[-88.2872000003243,42.6596000000941],[-88.2159999998255,42.6357999998759]]},"properties":{"st":"WI","stf":55,"Date_Calc":"Wed, 12 Oct 2022 04:00:00 GMT","yr":2022,"mo":10,"dy":12,"date":"2022-10-12","time":"11:20:00","tz":3,"mag":0,"wid":25,"len":3.97,"fat":0,"inj":0,"closs":0,"loss":0,"om":621933,"stn":0,"fc":0,"slat":42.6596,"slon":-88.2872,"elat":42.6358,"elon":-88.216,"OBJECTID":67565}},{"type":"Feature","id":67973,"geometry":{"type":"LineString","coordinates":[[-89.1947000003701,42.8709999998963],[-89.0951000002175,42.9175000001614]]},"properties":{"st":"WI","stf":55,"Date_Calc":"Sat, 05 Mar 2022 05:00:00 GMT","yr":2022,"mo":3,"dy":5,"date":"2022-03-05","time":"21:48:00","tz":3,"mag":1,"wid":50,"len":5.98,"fat":0,"inj":0,"closs":0,"loss":50000,"om":621002,"stn":0,"fc":0,"slat":42.871,"slon":-89.1947,"elat":42.9175,"elon":-89.0951,"OBJECTID":67973}},{"type":"Feature","id":68282,"geometry":{"type":"LineString","coordinates":[[-90.7469000002864,43.8881000002578],[-90.7414000002807,43.8888000000463]]},"properties":{"st":"WI","stf":55,"Date_Calc":"Thu, 19 May 2022 04:00:00 GMT","yr":2022,"mo":5,"dy":19,"date":"2022-05-19","time":"19:20:00","tz":3,"mag":0,"wid":60,"len":0.28,"fat":0,"inj":0,"closs":0,"loss":90000,"om":621572,"stn":0,"fc":0,"slat":43.8881,"slon":-90.7469,"elat":43.8888,"elon":-90.7414,"OBJECTID":68282}},{"type":"Feature","id":68314,"geometry":{"type":"LineString","coordinates":[[-89.1377000001475,42.5392000003053],[-89.1041000000635,42.5830000000972]]},"properties":{"st":"WI","stf":55,"Date_Calc":"Wed, 25 May 2022 04:00:00 GMT","yr":2022,"mo":5,"dy":25,"date":"2022-05-25","time":"17:45:00","tz":3,"mag":0,"wid":50,"len":3.48,"fat":0,"inj":0,"closs":0,"loss":40000,"om":621604,"stn":0,"fc":0,"slat":42.5392,"slon":-89.1377,"elat":42.583,"elon":-89.1041,"OBJECTID":68314}},{"type":"Feature","id":68449,"geometry":{"type":"LineString","coordinates":[[-92.6532000002934,45.4740999999259],[-92.6508999996541,45.4847000002171]]},"properties":{"st":"WI","stf":55,"Date_Calc":"Mon, 09 May 2022 04:00:00 GMT","yr":2022,"mo":5,"dy":9,"date":"2022-05-09","time":"09:28:00","tz":3,"mag":0,"wid":50,"len":0.74,"fat":0,"inj":0,"closs":0,"loss":0,"om":621500,"stn":0,"fc":0,"slat":45.4741,"slon":-92.6532,"elat":45.4847,"elon":-92.6509,"OBJECTID":68449}},{"type":"Feature","id":68452,"geometry":{"type":"LineString","coordinates":[[-92.2518000003331,44.4702000002472],[-92.2335999997262,44.4825000002551]]},"properties":{"st":"WI","stf":55,"Date_Calc":"Mon, 09 May 2022 04:00:00 GMT","yr":2022,"mo":5,"dy":9,"date":"2022-05-09","time":"18:10:00","tz":3,"mag":0,"wid":25,"len":1.24,"fat":0,"inj":0,"closs":0,"loss":0,"om":621503,"stn":0,"fc":0,"slat":44.4702,"slon":-92.2518,"elat":44.4825,"elon":-92.2336,"OBJECTID":68452}},{"type":"Feature","id":68453,"geometry":{"type":"LineString","coordinates":[[-92.0619000003479,44.9503999997055],[-92.0473999995978,44.9529000001486]]},"properties":{"st":"WI","stf":55,"Date_Calc":"Mon, 09 May 2022 04:00:00 GMT","yr":2022,"mo":5,"dy":9,"date":"2022-05-09","time":"18:25:00","tz":3,"mag":0,"wid":50,"len":0.73,"fat":0,"inj":0,"closs":0,"loss":0,"om":621504,"stn":0,"fc":0,"slat":44.9504,"slon":-92.0619,"elat":44.9529,"elon":-92.0474,"OBJECTID":68453}},{"type":"Feature","id":68454,"geometry":{"type":"LineString","coordinates":[[-91.8256000001184,44.9192000000287],[-91.6556000004315,44.9795000000073]]},"properties":{"st":"WI","stf":55,"Date_Calc":"Mon, 09 May 2022 04:00:00 GMT","yr":2022,"mo":5,"dy":9,"date":"2022-05-09","time":"18:32:00","tz":3,"mag":1,"wid":50,"len":9.3,"fat":0,"inj":0,"closs":0,"loss":0,"om":621505,"stn":0,"fc":0,"slat":44.9192,"slon":-91.8256,"elat":44.9795,"elon":-91.6556,"OBJECTID":68454}},{"type":"Feature","id":68483,"geometry":{"type":"LineString","coordinates":[[-90.5148999999634,43.8935000000338],[-90.1817999998128,44.1162999997803]]},"properties":{"st":"WI","stf":55,"Date_Calc":"Wed, 15 Jun 2022 04:00:00 GMT","yr":2022,"mo":6,"dy":15,"date":"2022-06-15","time":"14:57:00","tz":3,"mag":2,"wid":250,"len":22.86,"fat":0,"inj":2,"closs":0,"loss":800000,"om":621750,"stn":0,"fc":0,"slat":43.8935,"slon":-90.5149,"elat":44.1163,"elon":-90.1818,"OBJECTID":68483}},{"type":"Feature","id":68484,"geometry":{"type":"LineString","coordinates":[[-90.5438000001078,43.5848000002906],[-90.4503999995696,43.6247999997766]]},"properties":{"st":"WI","stf":55,"Date_Calc":"Wed, 15 Jun 2022 04:00:00 GMT","yr":2022,"mo":6,"dy":15,"date":"2022-06-15","time":"15:07:00","tz":3,"mag":1,"wid":200,"len":5.43,"fat":0,"inj":0,"closs":0,"loss":300000,"om":621751,"stn":0,"fc":0,"slat":43.5848,"slon":-90.5438,"elat":43.6248,"elon":-90.4504,"OBJECTID":68484}},{"type":"Feature","id":68485,"geometry":{"type":"LineString","coordinates":[[-90.0921000000298,43.7793999999768],[-89.9570000000852,43.8470000002799]]},"properties":{"st":"WI","stf":55,"Date_Calc":"Wed, 15 Jun 2022 04:00:00 GMT","yr":2022,"mo":6,"dy":15,"date":"2022-06-15","time":"15:43:00","tz":3,"mag":1,"wid":100,"len":8.2,"fat":0,"inj":0,"closs":0,"loss":775000,"om":621752,"stn":0,"fc":0,"slat":43.7794,"slon":-90.0921,"elat":43.847,"elon":-89.957,"OBJECTID":68485}},{"type":"Feature","id":68486,"geometry":{"type":"LineString","coordinates":[[-89.1261999996455,44.8141000000378],[-88.9879000003346,44.9080000002134]]},"properties":{"st":"WI","stf":55,"Date_Calc":"Wed, 15 Jun 2022 04:00:00 GMT","yr":2022,"mo":6,"dy":15,"date":"2022-06-15","time":"16:34:00","tz":3,"mag":1,"wid":125,"len":9.5,"fat":0,"inj":0,"closs":0,"loss":0,"om":621753,"stn":0,"fc":0,"slat":44.8141,"slon":-89.1262,"elat":44.908,"elon":-88.9879,"OBJECTID":68486}},{"type":"Feature","id":68487,"geometry":{"type":"LineString","coordinates":[[-89.0044999999109,44.1798999998156],[-88.951099999986,44.2351000001426]]},"properties":{"st":"WI","stf":55,"Date_Calc":"Wed, 15 Jun 2022 04:00:00 GMT","yr":2022,"mo":6,"dy":15,"date":"2022-06-15","time":"16:41:00","tz":3,"mag":1,"wid":100,"len":4.81,"fat":0,"inj":0,"closs":0,"loss":645000,"om":621754,"stn":0,"fc":0,"slat":44.1799,"slon":-89.0045,"elat":44.2351,"elon":-88.9511,"OBJECTID":68487}},{"type":"Feature","id":68488,"geometry":{"type":"LineString","coordinates":[[-88.9435000002558,44.9245000001231],[-88.9333000003105,44.9289000003144]]},"properties":{"st":"WI","stf":55,"Date_Calc":"Wed, 15 Jun 2022 04:00:00 GMT","yr":2022,"mo":6,"dy":15,"date":"2022-06-15","time":"16:46:00","tz":3,"mag":1,"wid":50,"len":0.58,"fat":0,"inj":0,"closs":0,"loss":0,"om":621755,"stn":0,"fc":0,"slat":44.9245,"slon":-88.9435,"elat":44.9289,"elon":-88.9333,"OBJECTID":68488}},{"type":"Feature","id":68489,"geometry":{"type":"LineString","coordinates":[[-88.9400000004155,44.4672999998859],[-88.887999999708,44.4923000000565]]},"properties":{"st":"WI","stf":55,"Date_Calc":"Wed, 15 Jun 2022 04:00:00 GMT","yr":2022,"mo":6,"dy":15,"date":"2022-06-15","time":"16:52:00","tz":3,"mag":1,"wid":120,"len":3.1,"fat":0,"inj":0,"closs":0,"loss":0,"om":621756,"stn":0,"fc":0,"slat":44.4673,"slon":-88.94,"elat":44.4923,"elon":-88.888,"OBJECTID":68489}},{"type":"Feature","id":68490,"geometry":{"type":"LineString","coordinates":[[-88.5323000003833,44.5711999997596],[-88.4288000003573,44.664499999715]]},"properties":{"st":"WI","stf":55,"Date_Calc":"Wed, 15 Jun 2022 04:00:00 GMT","yr":2022,"mo":6,"dy":15,"date":"2022-06-15","time":"17:09:00","tz":3,"mag":1,"wid":80,"len":8.22,"fat":0,"inj":0,"closs":0,"loss":0,"om":621757,"stn":0,"fc":0,"slat":44.5712,"slon":-88.5323,"elat":44.6645,"elon":-88.4288,"OBJECTID":68490}},{"type":"Feature","id":68491,"geometry":{"type":"LineString","coordinates":[[-88.470200000188,44.444900000205],[-88.3039999999171,44.5078000002037]]},"properties":{"st":"WI","stf":55,"Date_Calc":"Wed, 15 Jun 2022 04:00:00 GMT","yr":2022,"mo":6,"dy":15,"date":"2022-06-15","time":"17:10:00","tz":3,"mag":0,"wid":400,"len":9.37,"fat":0,"inj":0,"closs":0,"loss":0,"om":621758,"stn":0,"fc":0,"slat":44.4449,"slon":-88.4702,"elat":44.5078,"elon":-88.304,"OBJECTID":68491}},{"type":"Feature","id":68492,"geometry":{"type":"LineString","coordinates":[[-88.2852000001589,45.3910000001596],[-88.2560000004388,45.4082999999481]]},"properties":{"st":"WI","stf":55,"Date_Calc":"Wed, 15 Jun 2022 04:00:00 GMT","yr":2022,"mo":6,"dy":15,"date":"2022-06-15","time":"17:31:00","tz":3,"mag":2,"wid":375,"len":1.9,"fat":0,"inj":0,"closs":0,"loss":4000000,"om":621759,"stn":0,"fc":0,"slat":45.391,"slon":-88.2852,"elat":45.4083,"elon":-88.256,"OBJECTID":68492}},{"type":"Feature","id":68493,"geometry":{"type":"LineString","coordinates":[[-88.0130000001043,45.2945000001669],[-87.9390999998314,45.3729000002182]]},"properties":{"st":"WI","stf":55,"Date_Calc":"Wed, 15 Jun 2022 04:00:00 GMT","yr":2022,"mo":6,"dy":15,"date":"2022-06-15","time":"17:34:00","tz":3,"mag":1,"wid":200,"len":6.6,"fat":0,"inj":0,"closs":0,"loss":0,"om":621760,"stn":0,"fc":0,"slat":45.2945,"slon":-88.013,"elat":45.3729,"elon":-87.9391,"OBJECTID":68493}},{"type":"Feature","id":68494,"geometry":{"type":"LineString","coordinates":[[-88.1328999996901,45.5032000000972],[-87.968499999568,45.5467000001777]]},"properties":{"st":"WI","stf":55,"Date_Calc":"Wed, 15 Jun 2022 04:00:00 GMT","yr":2022,"mo":6,"dy":15,"date":"2022-06-15","time":"17:45:00","tz":3,"mag":1,"wid":120,"len":8.5,"fat":0,"inj":0,"closs":0,"loss":0,"om":621761,"stn":0,"fc":0,"slat":45.5032,"slon":-88.1329,"elat":45.5467,"elon":-87.9685,"OBJECTID":68494}},{"type":"Feature","id":68495,"geometry":{"type":"LineString","coordinates":[[-87.795499999633,45.6787000001701],[-87.7829999999467,45.6820999998987]]},"properties":{"st":"WI","stf":55,"Date_Calc":"Wed, 15 Jun 2022 04:00:00 GMT","yr":2022,"mo":6,"dy":15,"date":"2022-06-15","time":"18:00:00","tz":3,"mag":1,"wid":115,"len":0.65,"fat":0,"inj":0,"closs":0,"loss":0,"om":621762,"stn":0,"fc":0,"slat":45.6787,"slon":-87.7955,"elat":45.6821,"elon":-87.783,"OBJECTID":68495}},{"type":"Feature","id":68607,"geometry":{"type":"LineString","coordinates":[[-91.1746000001761,43.8689000001994],[-91.1300999996398,43.8526000000233]]},"properties":{"st":"WI","stf":55,"Date_Calc":"Sat, 23 Jul 2022 04:00:00 GMT","yr":2022,"mo":7,"dy":23,"date":"2022-07-23","time":"14:33:00","tz":3,"mag":0,"wid":40,"len":2.49,"fat":0,"inj":0,"closs":0,"loss":10000,"om":621853,"stn":0,"fc":0,"slat":43.868899999999996,"slon":-91.1746,"elat":43.8526,"elon":-91.1301,"OBJECTID":68607}},{"type":"Feature","id":69050,"geometry":{"type":"LineString","coordinates":[[-90.4001999999094,42.8524999997834],[-90.3804999996275,42.8582000002109]]},"properties":{"st":"WI","stf":55,"Date_Calc":"Fri, 31 Mar 2023 04:00:00 GMT","yr":2023,"mo":3,"dy":31,"date":"2023-03-31","time":"17:48:00","tz":3,"mag":1,"wid":75,"len":1.07,"fat":0,"inj":0,"closs":0,"loss":300000,"om":622393,"stn":0,"fc":0,"slat":42.8525,"slon":-90.4002,"elat":42.8582,"elon":-90.3805,"OBJECTID":69050}},{"type":"Feature","id":69052,"geometry":{"type":"LineString","coordinates":[[-90.4183000000589,42.7289999997898],[-90.3251999999947,42.7698000000676]]},"properties":{"st":"WI","stf":55,"Date_Calc":"Fri, 31 Mar 2023 04:00:00 GMT","yr":2023,"mo":3,"dy":31,"date":"2023-03-31","time":"17:50:00","tz":3,"mag":1,"wid":75,"len":5.5,"fat":0,"inj":0,"closs":0,"loss":1000000,"om":622395,"stn":0,"fc":0,"slat":42.729,"slon":-90.4183,"elat":42.7698,"elon":-90.3252,"OBJECTID":69052}},{"type":"Feature","id":69054,"geometry":{"type":"LineString","coordinates":[[-90.3194999999724,42.7963999999163],[-90.2188999997371,42.8565000000099]]},"properties":{"st":"WI","stf":55,"Date_Calc":"Fri, 31 Mar 2023 04:00:00 GMT","yr":2023,"mo":3,"dy":31,"date":"2023-03-31","time":"17:55:00","tz":3,"mag":1,"wid":75,"len":6.59,"fat":0,"inj":0,"closs":0,"loss":600000,"om":622397,"stn":0,"fc":0,"slat":42.7964,"slon":-90.3195,"elat":42.8565,"elon":-90.2189,"OBJECTID":69054}},{"type":"Feature","id":69060,"geometry":{"type":"LineString","coordinates":[[-89.5279000000798,42.5229000002655],[-89.5120000001123,42.5638999996788]]},"properties":{"st":"WI","stf":55,"Date_Calc":"Fri, 31 Mar 2023 04:00:00 GMT","yr":2023,"mo":3,"dy":31,"date":"2023-03-31","time":"18:16:00","tz":3,"mag":0,"wid":75,"len":2.95,"fat":0,"inj":0,"closs":0,"loss":400000,"om":622403,"stn":0,"fc":0,"slat":42.5229,"slon":-89.5279,"elat":42.5639,"elon":-89.512,"OBJECTID":69060}},{"type":"Feature","id":69061,"geometry":{"type":"LineString","coordinates":[[-89.4887999999901,42.53759999988],[-89.4378000002637,42.6799999998576]]},"properties":{"st":"WI","stf":55,"Date_Calc":"Fri, 31 Mar 2023 04:00:00 GMT","yr":2023,"mo":3,"dy":31,"date":"2023-03-31","time":"18:20:00","tz":3,"mag":1,"wid":50,"len":10.17,"fat":0,"inj":0,"closs":0,"loss":600000,"om":622404,"stn":0,"fc":0,"slat":42.5376,"slon":-89.4888,"elat":42.68,"elon":-89.4378,"OBJECTID":69061}},{"type":"Feature","id":69063,"geometry":{"type":"LineString","coordinates":[[-89.412100000384,42.6368000002418],[-89.3634999999578,42.7119000002335]]},"properties":{"st":"WI","stf":55,"Date_Calc":"Fri, 31 Mar 2023 04:00:00 GMT","yr":2023,"mo":3,"dy":31,"date":"2023-03-31","time":"18:26:00","tz":3,"mag":0,"wid":75,"len":5.75,"fat":0,"inj":0,"closs":0,"loss":400000,"om":622406,"stn":0,"fc":0,"slat":42.6368,"slon":-89.4121,"elat":42.7119,"elon":-89.3635,"OBJECTID":69063}},{"type":"Feature","id":69069,"geometry":{"type":"LineString","coordinates":[[-89.0258000003251,42.5141000000432],[-88.962300000014,42.5356000002771]]},"properties":{"st":"WI","stf":55,"Date_Calc":"Fri, 31 Mar 2023 04:00:00 GMT","yr":2023,"mo":3,"dy":31,"date":"2023-03-31","time":"18:48:00","tz":3,"mag":0,"wid":100,"len":3.56,"fat":0,"inj":0,"closs":0,"loss":600000,"om":622412,"stn":0,"fc":0,"slat":42.5141,"slon":-89.0258,"elat":42.5356,"elon":-88.9623,"OBJECTID":69069}},{"type":"Feature","id":69070,"geometry":{"type":"LineString","coordinates":[[-89.1682000004242,42.874400000305],[-89.1303999999929,42.9373000001784]]},"properties":{"st":"WI","stf":55,"Date_Calc":"Fri, 31 Mar 2023 04:00:00 GMT","yr":2023,"mo":3,"dy":31,"date":"2023-03-31","time":"18:49:00","tz":3,"mag":1,"wid":75,"len":4.75,"fat":0,"inj":0,"closs":0,"loss":100000,"om":622413,"stn":0,"fc":0,"slat":42.8744,"slon":-89.1682,"elat":42.9373,"elon":-89.1304,"OBJECTID":69070}},{"type":"Feature","id":69074,"geometry":{"type":"LineString","coordinates":[[-88.6972000000975,42.4942000001402],[-88.5920999999392,42.6270000002633]]},"properties":{"st":"WI","stf":55,"Date_Calc":"Fri, 31 Mar 2023 04:00:00 GMT","yr":2023,"mo":3,"dy":31,"date":"2023-03-31","time":"19:00:00","tz":3,"mag":0,"wid":100,"len":10.62,"fat":0,"inj":0,"closs":0,"loss":400000,"om":622417,"stn":0,"fc":0,"slat":42.4942,"slon":-88.6972,"elat":42.627,"elon":-88.5921,"OBJECTID":69074}},{"type":"Feature","id":69078,"geometry":{"type":"LineString","coordinates":[[-88.5680999997509,42.4965000001817],[-88.4419999996523,42.5368000001795]]},"properties":{"st":"WI","stf":55,"Date_Calc":"Fri, 31 Mar 2023 04:00:00 GMT","yr":2023,"mo":3,"dy":31,"date":"2023-03-31","time":"19:05:00","tz":3,"mag":0,"wid":50,"len":7,"fat":0,"inj":0,"closs":0,"loss":100000,"om":622421,"stn":0,"fc":0,"slat":42.4965,"slon":-88.5681,"elat":42.5368,"elon":-88.442,"OBJECTID":69078}},{"type":"Feature","id":69079,"geometry":{"type":"LineString","coordinates":[[-89.0032999998117,42.9949999998333],[-88.9875999998607,43.0125000001042]]},"properties":{"st":"WI","stf":55,"Date_Calc":"Fri, 31 Mar 2023 04:00:00 GMT","yr":2023,"mo":3,"dy":31,"date":"2023-03-31","time":"19:07:00","tz":3,"mag":0,"wid":75,"len":1.45,"fat":0,"inj":0,"closs":0,"loss":100000,"om":622422,"stn":0,"fc":0,"slat":42.995,"slon":-89.0033,"elat":43.0125,"elon":-88.9876,"OBJECTID":69079}},{"type":"Feature","id":69080,"geometry":{"type":"LineString","coordinates":[[-88.7495000003806,42.6813999999725],[-88.6953999999486,42.7486000002843]]},"properties":{"st":"WI","stf":55,"Date_Calc":"Fri, 31 Mar 2023 04:00:00 GMT","yr":2023,"mo":3,"dy":31,"date":"2023-03-31","time":"19:08:00","tz":3,"mag":0,"wid":50,"len":5.39,"fat":0,"inj":0,"closs":0,"loss":50000,"om":622423,"stn":0,"fc":0,"slat":42.681399999999996,"slon":-88.7495,"elat":42.7486,"elon":-88.6954,"OBJECTID":69080}},{"type":"Feature","id":69081,"geometry":{"type":"LineString","coordinates":[[-88.5175999996166,42.6049000001507],[-88.5248000002122,42.692199999985]]},"properties":{"st":"WI","stf":55,"Date_Calc":"Fri, 31 Mar 2023 04:00:00 GMT","yr":2023,"mo":3,"dy":31,"date":"2023-03-31","time":"19:10:00","tz":3,"mag":0,"wid":150,"len":6.04,"fat":0,"inj":0,"closs":0,"loss":100000,"om":622424,"stn":0,"fc":0,"slat":42.6049,"slon":-88.5176,"elat":42.6922,"elon":-88.5248,"OBJECTID":69081}},{"type":"Feature","id":69085,"geometry":{"type":"LineString","coordinates":[[-88.5747999998558,42.8587999998373],[-88.539399999623,42.8895999999909]]},"properties":{"st":"WI","stf":55,"Date_Calc":"Fri, 31 Mar 2023 04:00:00 GMT","yr":2023,"mo":3,"dy":31,"date":"2023-03-31","time":"19:26:00","tz":3,"mag":1,"wid":50,"len":2.79,"fat":0,"inj":0,"closs":0,"loss":300000,"om":622428,"stn":0,"fc":0,"slat":42.8588,"slon":-88.5748,"elat":42.8896,"elon":-88.5394,"OBJECTID":69085}},{"type":"Feature","id":69303,"geometry":{"type":"LineString","coordinates":[[-88.3950000002568,42.5809000000811],[-88.3854999999202,42.5843999998356]]},"properties":{"st":"WI","stf":55,"Date_Calc":"Wed, 05 Apr 2023 04:00:00 GMT","yr":2023,"mo":4,"dy":5,"date":"2023-04-05","time":"05:38:00","tz":3,"mag":0,"wid":75,"len":0.54,"fat":0,"inj":0,"closs":0,"loss":6000,"om":622523,"stn":0,"fc":0,"slat":42.5809,"slon":-88.395,"elat":42.5844,"elon":-88.3855,"OBJECTID":69303}},{"type":"Feature","id":69716,"geometry":{"type":"LineString","coordinates":[[-88.6856999995956,42.551700000139],[-88.685499999579,42.551700000139]]},"properties":{"st":"WI","stf":55,"Date_Calc":"Thu, 01 Jun 2023 04:00:00 GMT","yr":2023,"mo":6,"dy":1,"date":"2023-06-01","time":"16:24:00","tz":3,"mag":-9,"wid":10,"len":0.01,"fat":0,"inj":0,"closs":0,"loss":0,"om":622793,"stn":0,"fc":0,"slat":42.5517,"slon":-88.6857,"elat":42.5517,"elon":-88.6855,"OBJECTID":69716}},{"type":"Feature","id":69766,"geometry":{"type":"LineString","coordinates":[[-88.8812999996031,42.6503000002249],[-88.8759999996139,42.6462999997732]]},"properties":{"st":"WI","stf":55,"Date_Calc":"Thu, 13 Jul 2023 04:00:00 GMT","yr":2023,"mo":7,"dy":13,"date":"2023-07-13","time":"17:13:00","tz":3,"mag":0,"wid":25,"len":0.39,"fat":0,"inj":0,"closs":0,"loss":0,"om":623098,"stn":0,"fc":0,"slat":42.6503,"slon":-88.8813,"elat":42.6463,"elon":-88.876,"OBJECTID":69766}},{"type":"Feature","id":69800,"geometry":{"type":"LineString","coordinates":[[-89.0020000001533,45.708400000303],[-88.9706000002513,45.7001999997374]]},"properties":{"st":"WI","stf":55,"Date_Calc":"Thu, 27 Jul 2023 04:00:00 GMT","yr":2023,"mo":7,"dy":27,"date":"2023-07-27","time":"18:22:00","tz":3,"mag":0,"wid":90,"len":1.68,"fat":0,"inj":0,"closs":0,"loss":0,"om":623132,"stn":0,"fc":0,"slat":45.7084,"slon":-89.002,"elat":45.7002,"elon":-88.9706,"OBJECTID":69800}},{"type":"Feature","id":69805,"geometry":{"type":"LineString","coordinates":[[-88.558000000263,42.8850000001888],[-88.532999999992,42.8829999999715]]},"properties":{"st":"WI","stf":55,"Date_Calc":"Fri, 28 Jul 2023 04:00:00 GMT","yr":2023,"mo":7,"dy":28,"date":"2023-07-28","time":"21:28:00","tz":3,"mag":1,"wid":90,"len":1.27,"fat":0,"inj":0,"closs":0,"loss":0,"om":623137,"stn":0,"fc":0,"slat":42.885,"slon":-88.558,"elat":42.883,"elon":-88.533,"OBJECTID":69805}},{"type":"Feature","id":70014,"geometry":{"type":"LineString","coordinates":[[-89.5603000000645,42.8111999998785],[-89.5599999995905,42.8117999999765]]},"properties":{"st":"WI","stf":55,"Date_Calc":"Mon, 25 Sep 2023 04:00:00 GMT","yr":2023,"mo":9,"dy":25,"date":"2023-09-25","time":"17:10:00","tz":3,"mag":-9,"wid":25,"len":0.04,"fat":0,"inj":0,"closs":0,"loss":0,"om":623324,"stn":0,"fc":0,"slat":42.8112,"slon":-89.5603,"elat":42.8118,"elon":-89.56,"OBJECTID":70014}},{"type":"Feature","id":70350,"geometry":{"type":"LineString","coordinates":[[-89.5277999996224,42.5992000002203],[-89.4101000002186,42.6831000000133]]},"properties":{"st":"WI","stf":55,"Date_Calc":"Thu, 08 Feb 2024 05:00:00 GMT","yr":2024,"mo":2,"dy":8,"date":"2024-02-08","time":"17:23:00","tz":3,"mag":1,"wid":50,"len":8.33,"fat":0,"inj":0,"closs":0,"loss":500000,"om":623457,"stn":0,"fc":0,"slat":42.5992,"slon":-89.5278,"elat":42.6831,"elon":-89.4101,"OBJECTID":70350}},{"type":"Feature","id":70351,"geometry":{"type":"LineString","coordinates":[[-89.3315999995652,42.7241999998233],[-88.9040999996921,42.926299999862]]},"properties":{"st":"WI","stf":55,"Date_Calc":"Thu, 08 Feb 2024 05:00:00 GMT","yr":2024,"mo":2,"dy":8,"date":"2024-02-08","time":"17:39:00","tz":3,"mag":2,"wid":750,"len":25.9,"fat":0,"inj":1,"closs":0,"loss":6800000,"om":623458,"stn":0,"fc":0,"slat":42.7242,"slon":-89.3316,"elat":42.9263,"elon":-88.9041,"OBJECTID":70351}}]}